year,source_year_pdf,port,category,traffic_type,source_table,source_page,metric,value,unit,overseas_mt,coastal_mt,total_mt,commodity,container_tonnes_mt,container_teus_000,capacity_mt,traffic_mt,utilisation_pct,major_port_mt,non_major_port_mt
2018-19,2023-24,All India,Major Ports,macro,Port Sector at a Glance,10,Cargo Handled (Million Tonnes),12.0,Million Tonnes,,,,,,,,,,,
2019-20,2023-24,All India,Major Ports,macro,Port Sector at a Glance,10,Cargo Handled (Million Tonnes),12.0,Million Tonnes,,,,,,,,,,,
2020-21,2023-24,All India,Major Ports,macro,Port Sector at a Glance,10,Cargo Handled (Million Tonnes),12.0,Million Tonnes,,,,,,,,,,,
2021-22,2023-24,All India,Major Ports,macro,Port Sector at a Glance,10,Cargo Handled (Million Tonnes),12.0,Million Tonnes,,,,,,,,,,,
2022-23,2023-24,All India,Major Ports,macro,Port Sector at a Glance,10,Cargo Handled (Million Tonnes),12.0,Million Tonnes,,,,,,,,,,,
2023-24,2023-24,All India,Major Ports,macro,Port Sector at a Glance,10,Cargo Handled (Million Tonnes),12.0,Million Tonnes,,,,,,,,,,,
2018-19,2023-24,All India,Non-Major Ports,macro,Port Sector at a Glance,10,Cargo Handled (Million Tonnes),212.0,Million Tonnes,,,,,,,,,,,
2019-20,2023-24,All India,Non-Major Ports,macro,Port Sector at a Glance,10,Cargo Handled (Million Tonnes),212.0,Million Tonnes,,,,,,,,,,,
2020-21,2023-24,All India,Non-Major Ports,macro,Port Sector at a Glance,10,Cargo Handled (Million Tonnes),212.0,Million Tonnes,,,,,,,,,,,
2021-22,2023-24,All India,Non-Major Ports,macro,Port Sector at a Glance,10,Cargo Handled (Million Tonnes),217.0,Million Tonnes,,,,,,,,,,,
2022-23,2023-24,All India,Non-Major Ports,macro,Port Sector at a Glance,10,Cargo Handled (Million Tonnes),217.0,Million Tonnes,,,,,,,,,,,
2023-24,2023-24,All India,Non-Major Ports,macro,Port Sector at a Glance,10,Cargo Handled (Million Tonnes),217.0,Million Tonnes,,,,,,,,,,,
2018-19,2023-24,All India,All Ports,macro,Port Sector at a Glance,10,Cargo Handled (Million Tonnes),224.0,Million Tonnes,,,,,,,,,,,
2019-20,2023-24,All India,All Ports,macro,Port Sector at a Glance,10,Cargo Handled (Million Tonnes),224.0,Million Tonnes,,,,,,,,,,,
2020-21,2023-24,All India,All Ports,macro,Port Sector at a Glance,10,Cargo Handled (Million Tonnes),224.0,Million Tonnes,,,,,,,,,,,
2021-22,2023-24,All India,All Ports,macro,Port Sector at a Glance,10,Cargo Handled (Million Tonnes),229.0,Million Tonnes,,,,,,,,,,,
2022-23,2023-24,All India,All Ports,macro,Port Sector at a Glance,10,Cargo Handled (Million Tonnes),229.0,Million Tonnes,,,,,,,,,,,
2023-24,2023-24,All India,All Ports,macro,Port Sector at a Glance,10,Cargo Handled (Million Tonnes),229.0,Million Tonnes,,,,,,,,,,,
2018-19,2023-24,All India,Major Ports,macro,Port Sector at a Glance,10,Cargo Handled (Million Tonnes),699.17,Million Tonnes,,,,,,,,,,,
2019-20,2023-24,All India,Major Ports,macro,Port Sector at a Glance,10,Cargo Handled (Million Tonnes),704.93,Million Tonnes,,,,,,,,,,,
2020-21,2023-24,All India,Major Ports,macro,Port Sector at a Glance,10,Cargo Handled (Million Tonnes),672.68,Million Tonnes,,,,,,,,,,,
2021-22,2023-24,All India,Major Ports,macro,Port Sector at a Glance,10,Cargo Handled (Million Tonnes),720.05,Million Tonnes,,,,,,,,,,,
2022-23,2023-24,All India,Major Ports,macro,Port Sector at a Glance,10,Cargo Handled (Million Tonnes),784.31,Million Tonnes,,,,,,,,,,,
2023-24,2023-24,All India,Major Ports,macro,Port Sector at a Glance,10,Cargo Handled (Million Tonnes),819.29,Million Tonnes,,,,,,,,,,,
2018-19,2023-24,All India,Non-Major Ports,macro,Port Sector at a Glance,10,Cargo Handled (Million Tonnes),582.61,Million Tonnes,,,,,,,,,,,
2019-20,2023-24,All India,Non-Major Ports,macro,Port Sector at a Glance,10,Cargo Handled (Million Tonnes),615.05,Million Tonnes,,,,,,,,,,,
2020-21,2023-24,All India,Non-Major Ports,macro,Port Sector at a Glance,10,Cargo Handled (Million Tonnes),577.3,Million Tonnes,,,,,,,,,,,
2021-22,2023-24,All India,Non-Major Ports,macro,Port Sector at a Glance,10,Cargo Handled (Million Tonnes),603.75,Million Tonnes,,,,,,,,,,,
2022-23,2023-24,All India,Non-Major Ports,macro,Port Sector at a Glance,10,Cargo Handled (Million Tonnes),651.02,Million Tonnes,,,,,,,,,,,
2023-24,2023-24,All India,Non-Major Ports,macro,Port Sector at a Glance,10,Cargo Handled (Million Tonnes),723.59,Million Tonnes,,,,,,,,,,,
2018-19,2023-24,All India,All Ports,macro,Port Sector at a Glance,10,Cargo Handled (Million Tonnes),1281.78,Million Tonnes,,,,,,,,,,,
2019-20,2023-24,All India,All Ports,macro,Port Sector at a Glance,10,Cargo Handled (Million Tonnes),1319.97,Million Tonnes,,,,,,,,,,,
2020-21,2023-24,All India,All Ports,macro,Port Sector at a Glance,10,Cargo Handled (Million Tonnes),1249.99,Million Tonnes,,,,,,,,,,,
2021-22,2023-24,All India,All Ports,macro,Port Sector at a Glance,10,Cargo Handled (Million Tonnes),1323.8,Million Tonnes,,,,,,,,,,,
2022-23,2023-24,All India,All Ports,macro,Port Sector at a Glance,10,Cargo Handled (Million Tonnes),1435.32,Million Tonnes,,,,,,,,,,,
2023-24,2023-24,All India,All Ports,macro,Port Sector at a Glance,10,Cargo Handled (Million Tonnes),1542.88,Million Tonnes,,,,,,,,,,,
2018-19,2023-24,All India,Major Ports,macro,Port Sector at a Glance,10,Container Traffic ('000 TEUs),0.0,'000 TEUs,,,,,,,,,,,
2019-20,2023-24,All India,Major Ports,macro,Port Sector at a Glance,10,Container Traffic ('000 TEUs),9877.0,'000 TEUs,,,,,,,,,,,
2020-21,2023-24,All India,Major Ports,macro,Port Sector at a Glance,10,Container Traffic ('000 TEUs),9892.0,'000 TEUs,,,,,,,,,,,
2021-22,2023-24,All India,Major Ports,macro,Port Sector at a Glance,10,Container Traffic ('000 TEUs),9610.0,'000 TEUs,,,,,,,,,,,
2022-23,2023-24,All India,Major Ports,macro,Port Sector at a Glance,10,Container Traffic ('000 TEUs),11225.0,'000 TEUs,,,,,,,,,,,
2023-24,2023-24,All India,Major Ports,macro,Port Sector at a Glance,10,Container Traffic ('000 TEUs),11425.0,'000 TEUs,,,,,,,,,,,
2023-24,2023-24,All India,Major Ports,macro,Port Sector at a Glance,10,Container Traffic ('000 TEUs),12311.0,'000 TEUs,,,,,,,,,,,
2018-19,2023-24,All India,Major Ports,macro,Port Sector at a Glance,10,Cargo Handled (Million Tonnes),522.0,Million Tonnes,,,,,,,,,,,
2019-20,2023-24,All India,Major Ports,macro,Port Sector at a Glance,10,Cargo Handled (Million Tonnes),710.0,Million Tonnes,,,,,,,,,,,
2020-21,2023-24,All India,Major Ports,macro,Port Sector at a Glance,10,Cargo Handled (Million Tonnes),44.0,Million Tonnes,,,,,,,,,,,
2021-22,2023-24,All India,Major Ports,macro,Port Sector at a Glance,10,Cargo Handled (Million Tonnes),235.0,Million Tonnes,,,,,,,,,,,
2022-23,2023-24,All India,Major Ports,macro,Port Sector at a Glance,10,Cargo Handled (Million Tonnes),522.0,Million Tonnes,,,,,,,,,,,
2023-24,2023-24,All India,Major Ports,macro,Port Sector at a Glance,10,Cargo Handled (Million Tonnes),624.0,Million Tonnes,,,,,,,,,,,
2018-19,2023-24,All India,Non-Major Ports,macro,Port Sector at a Glance,10,Cargo Handled (Million Tonnes),24551.0,Million Tonnes,,,,,,,,,,,
2019-20,2023-24,All India,Non-Major Ports,macro,Port Sector at a Glance,10,Cargo Handled (Million Tonnes),21005.0,Million Tonnes,,,,,,,,,,,
2020-21,2023-24,All India,Non-Major Ports,macro,Port Sector at a Glance,10,Cargo Handled (Million Tonnes),9812.0,Million Tonnes,,,,,,,,,,,
2021-22,2023-24,All India,Non-Major Ports,macro,Port Sector at a Glance,10,Cargo Handled (Million Tonnes),14951.0,Million Tonnes,,,,,,,,,,,
2022-23,2023-24,All India,Non-Major Ports,macro,Port Sector at a Glance,10,Cargo Handled (Million Tonnes),29551.0,Million Tonnes,,,,,,,,,,,
2023-24,2023-24,All India,Non-Major Ports,macro,Port Sector at a Glance,10,Cargo Handled (Million Tonnes),32198.0,Million Tonnes,,,,,,,,,,,
2018-19,2023-24,All India,All Ports,macro,Port Sector at a Glance,10,Cargo Handled (Million Tonnes),25073.0,Million Tonnes,,,,,,,,,,,
2019-20,2023-24,All India,All Ports,macro,Port Sector at a Glance,10,Cargo Handled (Million Tonnes),21715.0,Million Tonnes,,,,,,,,,,,
2020-21,2023-24,All India,All Ports,macro,Port Sector at a Glance,10,Cargo Handled (Million Tonnes),9856.0,Million Tonnes,,,,,,,,,,,
2021-22,2023-24,All India,All Ports,macro,Port Sector at a Glance,10,Cargo Handled (Million Tonnes),15186.0,Million Tonnes,,,,,,,,,,,
2022-23,2023-24,All India,All Ports,macro,Port Sector at a Glance,10,Cargo Handled (Million Tonnes),30072.0,Million Tonnes,,,,,,,,,,,
2023-24,2023-24,All India,All Ports,macro,Port Sector at a Glance,10,Cargo Handled (Million Tonnes),32822.0,Million Tonnes,,,,,,,,,,,
2018-19,2023-24,All India,Major Ports,macro,Port Sector at a Glance,10,Cargo Handled (Million Tonnes),29.0,Million Tonnes,,,,,,,,,,,
2019-20,2023-24,All India,Major Ports,macro,Port Sector at a Glance,10,Cargo Handled (Million Tonnes),26.0,Million Tonnes,,,,,,,,,,,
2020-21,2023-24,All India,Major Ports,macro,Port Sector at a Glance,10,Cargo Handled (Million Tonnes),23.0,Million Tonnes,,,,,,,,,,,
2021-22,2023-24,All India,Major Ports,macro,Port Sector at a Glance,10,Cargo Handled (Million Tonnes),22.0,Million Tonnes,,,,,,,,,,,
2022-23,2023-24,All India,Major Ports,macro,Port Sector at a Glance,10,Cargo Handled (Million Tonnes),19.0,Million Tonnes,,,,,,,,,,,
2023-24,2023-24,All India,Major Ports,macro,Port Sector at a Glance,10,Cargo Handled (Million Tonnes),17.0,Million Tonnes,,,,,,,,,,,
2018-19,2023-24,All India,Non-Major Ports,macro,Port Sector at a Glance,10,Cargo Handled (Million Tonnes),5.0,Million Tonnes,,,,,,,,,,,
2019-20,2023-24,All India,Non-Major Ports,macro,Port Sector at a Glance,10,Cargo Handled (Million Tonnes),5.0,Million Tonnes,,,,,,,,,,,
2020-21,2023-24,All India,Non-Major Ports,macro,Port Sector at a Glance,10,Cargo Handled (Million Tonnes),10.0,Million Tonnes,,,,,,,,,,,
2021-22,2023-24,All India,Non-Major Ports,macro,Port Sector at a Glance,10,Cargo Handled (Million Tonnes),10.0,Million Tonnes,,,,,,,,,,,
2022-23,2023-24,All India,Non-Major Ports,macro,Port Sector at a Glance,10,Cargo Handled (Million Tonnes),15.0,Million Tonnes,,,,,,,,,,,
2023-24,2023-24,All India,Non-Major Ports,macro,Port Sector at a Glance,10,Cargo Handled (Million Tonnes),14.0,Million Tonnes,,,,,,,,,,,
2023-24,2023-24,Deendayal Port Authority,Major Ports,overseas_coastal,Port-wise Cargo at Major Ports (Table 7),25,,,Million Tonnes,5.0,2022.0,2023.0,,,,,,,,
2022-23,2023-24,Vishakhapatnam Port Authority,Major Ports,overseas_coastal,Port-wise Cargo at Major Ports (Table 7),25,,,Million Tonnes,54.6,19.15,73.75,,,,,,,,
2023-24,2023-24,Vishakhapatnam Port Authority,Major Ports,overseas_coastal,Port-wise Cargo at Major Ports (Table 7),25,,,Million Tonnes,62.88,18.21,81.09,,,,,,,,
2022-23,2023-24,V.O. Chidambaranar Port Authority,Major Ports,overseas_coastal,Port-wise Cargo at Major Ports (Table 7),25,,,Million Tonnes,25.47,12.57,38.04,,,,,,,,
2023-24,2023-24,V.O. Chidambaranar Port Authority,Major Ports,overseas_coastal,Port-wise Cargo at Major Ports (Table 7),25,,,Million Tonnes,28.8,12.61,41.4,,,,,,,,
2022-23,2023-24,New Mangalore Port Authority,Major Ports,overseas_coastal,Port-wise Cargo at Major Ports (Table 7),25,,,Million Tonnes,32.34,9.08,41.42,,,,,,,,
2023-24,2023-24,New Mangalore Port Authority,Major Ports,overseas_coastal,Port-wise Cargo at Major Ports (Table 7),25,,,Million Tonnes,34.79,10.92,45.71,,,,,,,,
2022-23,2023-24,Mormugao Port Authority,Major Ports,overseas_coastal,Port-wise Cargo at Major Ports (Table 7),25,,,Million Tonnes,15.6,1.73,17.33,,,,,,,,
2023-24,2023-24,Mormugao Port Authority,Major Ports,overseas_coastal,Port-wise Cargo at Major Ports (Table 7),25,,,Million Tonnes,16.73,3.9,20.63,,,,,,,,
2022-23,2023-24,Deendayal Port Authority,Major Ports,overseas_coastal,Port-wise Cargo at Major Ports (Table 7),25,,,Million Tonnes,122.24,15.33,137.56,,,,,,,,
2023-24,2023-24,Cochin Port Authority,Major Ports,overseas_coastal,Port-wise Cargo at Major Ports (Table 7),27,,,Million Tonnes,24.0,614.02,2022.0,,,,,,,,
2014-15,2023-24,All Major Ports,Major Ports,commodity,Commodity-wise Cargo at Major Ports (Table 8),26,,,Million Tonnes,,,181.02,POL (Crude & Products),,,,,,,
2014-15,2023-24,All Major Ports,Major Ports,commodity,Commodity-wise Cargo at Major Ports (Table 8),26,,,Million Tonnes,,,7.93,Fertilizer Raw Material (Dry),,,,,,,
2014-15,2023-24,All Major Ports,Major Ports,commodity,Commodity-wise Cargo at Major Ports (Table 8),26,,,Million Tonnes,,,8.36,Fertilizer,,,,,,,
2014-15,2023-24,All Major Ports,Major Ports,commodity,Commodity-wise Cargo at Major Ports (Table 8),26,,,Million Tonnes,,,18.0,Iron Ore,,,,,,,
2014-15,2023-24,All Major Ports,Major Ports,commodity,Commodity-wise Cargo at Major Ports (Table 8),26,,,Million Tonnes,,,119.47,Coal,,,,,,,
2014-15,2023-24,All Major Ports,Major Ports,commodity,Commodity-wise Cargo at Major Ports (Table 8),26,,,Million Tonnes,,,3.09,Food-grain,,,,,,,
2014-15,2023-24,All Major Ports,Major Ports,commodity,Commodity-wise Cargo at Major Ports (Table 8),26,,,Million Tonnes,,,243.46,Others,,,,,,,
2014-15,2023-24,All Major Ports,Major Ports,commodity,Commodity-wise Cargo at Major Ports (Table 8),26,,,Million Tonnes,,,581.33,Total,,,,,,,
2015-16,2023-24,All Major Ports,Major Ports,commodity,Commodity-wise Cargo at Major Ports (Table 8),26,,,Million Tonnes,,,186.36,POL (Crude & Products),,,,,,,
2015-16,2023-24,All Major Ports,Major Ports,commodity,Commodity-wise Cargo at Major Ports (Table 8),26,,,Million Tonnes,,,8.49,Fertilizer Raw Material (Dry),,,,,,,
2015-16,2023-24,All Major Ports,Major Ports,commodity,Commodity-wise Cargo at Major Ports (Table 8),26,,,Million Tonnes,,,7.53,Fertilizer,,,,,,,
2015-16,2023-24,All Major Ports,Major Ports,commodity,Commodity-wise Cargo at Major Ports (Table 8),26,,,Million Tonnes,,,15.32,Iron Ore,,,,,,,
2015-16,2023-24,All Major Ports,Major Ports,commodity,Commodity-wise Cargo at Major Ports (Table 8),26,,,Million Tonnes,,,134.06,Coal,,,,,,,
2015-16,2023-24,All Major Ports,Major Ports,commodity,Commodity-wise Cargo at Major Ports (Table 8),26,,,Million Tonnes,,,2.37,Food-grain,,,,,,,
2015-16,2023-24,All Major Ports,Major Ports,commodity,Commodity-wise Cargo at Major Ports (Table 8),26,,,Million Tonnes,,,251.76,Others,,,,,,,
2015-16,2023-24,All Major Ports,Major Ports,commodity,Commodity-wise Cargo at Major Ports (Table 8),26,,,Million Tonnes,,,605.89,Total,,,,,,,
2016-17,2023-24,All Major Ports,Major Ports,commodity,Commodity-wise Cargo at Major Ports (Table 8),26,,,Million Tonnes,,,200.23,POL (Crude & Products),,,,,,,
2016-17,2023-24,All Major Ports,Major Ports,commodity,Commodity-wise Cargo at Major Ports (Table 8),26,,,Million Tonnes,,,7.04,Fertilizer Raw Material (Dry),,,,,,,
2016-17,2023-24,All Major Ports,Major Ports,commodity,Commodity-wise Cargo at Major Ports (Table 8),26,,,Million Tonnes,,,7.01,Fertilizer,,,,,,,
2016-17,2023-24,All Major Ports,Major Ports,commodity,Commodity-wise Cargo at Major Ports (Table 8),26,,,Million Tonnes,,,41.77,Iron Ore,,,,,,,
2016-17,2023-24,All Major Ports,Major Ports,commodity,Commodity-wise Cargo at Major Ports (Table 8),26,,,Million Tonnes,,,126.18,Coal,,,,,,,
2016-17,2023-24,All Major Ports,Major Ports,commodity,Commodity-wise Cargo at Major Ports (Table 8),26,,,Million Tonnes,,,6.5,Food-grain,,,,,,,
2016-17,2023-24,All Major Ports,Major Ports,commodity,Commodity-wise Cargo at Major Ports (Table 8),26,,,Million Tonnes,,,259.75,Others,,,,,,,
2016-17,2023-24,All Major Ports,Major Ports,commodity,Commodity-wise Cargo at Major Ports (Table 8),26,,,Million Tonnes,,,648.47,Total,,,,,,,
2023-24,2023-24,All Major Ports,Major Ports,commodity,Commodity-wise Cargo at Major Ports (Table 8),26,,,Million Tonnes,,,225.82,POL (Crude & Products),,,,,,,
2023-24,2023-24,All Major Ports,Major Ports,commodity,Commodity-wise Cargo at Major Ports (Table 8),26,,,Million Tonnes,,,8.27,Fertilizer Raw Material (Dry),,,,,,,
2023-24,2023-24,All Major Ports,Major Ports,commodity,Commodity-wise Cargo at Major Ports (Table 8),26,,,Million Tonnes,,,9.53,Fertilizer,,,,,,,
2023-24,2023-24,All Major Ports,Major Ports,commodity,Commodity-wise Cargo at Major Ports (Table 8),26,,,Million Tonnes,,,53.26,Iron Ore,,,,,,,
2023-24,2023-24,All Major Ports,Major Ports,commodity,Commodity-wise Cargo at Major Ports (Table 8),26,,,Million Tonnes,,,141.89,Coal,,,,,,,
2023-24,2023-24,All Major Ports,Major Ports,commodity,Commodity-wise Cargo at Major Ports (Table 8),26,,,Million Tonnes,,,1.52,Food-grain,,,,,,,
2023-24,2023-24,All Major Ports,Major Ports,commodity,Commodity-wise Cargo at Major Ports (Table 8),26,,,Million Tonnes,,,379.01,Others,,,,,,,
2023-24,2023-24,All Major Ports,Major Ports,commodity,Commodity-wise Cargo at Major Ports (Table 8),26,,,Million Tonnes,,,819.29,Total,,,,,,,
2022-23,2023-24,SMPA Kolkata DS,Major Ports,container,Container Traffic at Major Ports (Table 9),28,,,Million Tonnes / '000 TEUs,,,,,8.52,0.6,,,,,
2023-24,2023-24,SMPA Kolkata DS,Major Ports,container,Container Traffic at Major Ports (Table 9),28,,,Million Tonnes / '000 TEUs,,,,,9.89,0.64,,,,,
2022-23,2023-24,SMPA Haldia DC,Major Ports,container,Container Traffic at Major Ports (Table 9),28,,,Million Tonnes / '000 TEUs,,,,,2.07,0.11,,,,,
2023-24,2023-24,SMPA Haldia DC,Major Ports,container,Container Traffic at Major Ports (Table 9),28,,,Million Tonnes / '000 TEUs,,,,,2.06,0.11,,,,,
2022-23,2023-24,Paradip Port Authority,Major Ports,container,Container Traffic at Major Ports (Table 9),28,,,Million Tonnes / '000 TEUs,,,,,2.0,0.19,,,,,
2023-24,2023-24,Paradip Port Authority,Major Ports,container,Container Traffic at Major Ports (Table 9),28,,,Million Tonnes / '000 TEUs,,,,,0.01,0.2,,,,,
2022-23,2023-24,Vishakhapatnam Port Authority,Major Ports,container,Container Traffic at Major Ports (Table 9),28,,,Million Tonnes / '000 TEUs,,,,,3.0,8.46,,,,,
2023-24,2023-24,Vishakhapatnam Port Authority,Major Ports,container,Container Traffic at Major Ports (Table 9),28,,,Million Tonnes / '000 TEUs,,,,,0.52,11.08,,,,,
2022-23,2023-24,Kamarajar Port Limited,Major Ports,container,Container Traffic at Major Ports (Table 9),28,,,Million Tonnes / '000 TEUs,,,,,4.0,10.62,,,,,
2023-24,2023-24,Kamarajar Port Limited,Major Ports,container,Container Traffic at Major Ports (Table 9),28,,,Million Tonnes / '000 TEUs,,,,,0.55,12.96,,,,,
2022-23,2023-24,Chennai Port Authority,Major Ports,container,Container Traffic at Major Ports (Table 9),28,,,Million Tonnes / '000 TEUs,,,,,5.0,28.38,,,,,
2023-24,2023-24,Chennai Port Authority,Major Ports,container,Container Traffic at Major Ports (Table 9),28,,,Million Tonnes / '000 TEUs,,,,,1.47,30.68,,,,,
2022-23,2023-24,V.O. Chidambaranar Port Authority,Major Ports,container,Container Traffic at Major Ports (Table 9),28,,,Million Tonnes / '000 TEUs,,,,,6.0,14.68,,,,,
2023-24,2023-24,V.O. Chidambaranar Port Authority,Major Ports,container,Container Traffic at Major Ports (Table 9),28,,,Million Tonnes / '000 TEUs,,,,,0.73,14.94,,,,,
2022-23,2023-24,Cochin Port Authority,Major Ports,container,Container Traffic at Major Ports (Table 9),28,,,Million Tonnes / '000 TEUs,,,,,7.0,9.99,,,,,
2023-24,2023-24,Cochin Port Authority,Major Ports,container,Container Traffic at Major Ports (Table 9),28,,,Million Tonnes / '000 TEUs,,,,,0.7,10.18,,,,,
2022-23,2023-24,New Mangalore Port Authority,Major Ports,container,Container Traffic at Major Ports (Table 9),28,,,Million Tonnes / '000 TEUs,,,,,8.0,2.37,,,,,
2023-24,2023-24,New Mangalore Port Authority,Major Ports,container,Container Traffic at Major Ports (Table 9),28,,,Million Tonnes / '000 TEUs,,,,,0.17,2.8,,,,,
2022-23,2023-24,JNPA,Major Ports,container,Container Traffic at Major Ports (Table 9),28,,,Million Tonnes / '000 TEUs,,,,,10.0,76.19,,,,,
2023-24,2023-24,JNPA,Major Ports,container,Container Traffic at Major Ports (Table 9),28,,,Million Tonnes / '000 TEUs,,,,,6.05,78.13,,,,,
2022-23,2023-24,Mumbai Port Authority,Major Ports,container,Container Traffic at Major Ports (Table 9),28,,,Million Tonnes / '000 TEUs,,,,,11.0,0.23,,,,,
2023-24,2023-24,Mumbai Port Authority,Major Ports,container,Container Traffic at Major Ports (Table 9),28,,,Million Tonnes / '000 TEUs,,,,,0.02,0.16,,,,,
2022-23,2023-24,Deendayal Port Authority,Major Ports,container,Container Traffic at Major Ports (Table 9),28,,,Million Tonnes / '000 TEUs,,,,,12.0,8.57,,,,,
2023-24,2023-24,Deendayal Port Authority,Major Ports,container,Container Traffic at Major Ports (Table 9),28,,,Million Tonnes / '000 TEUs,,,,,0.51,8.5,,,,,
2023-24,2023-24,Paradip Port Authority,Major Ports,capacity,Port-wise Capacity Utilisation,30,,,Million Tonnes / %,,,,,,,148.18,81.09,54.72,,
2023-24,2023-24,Vishakhapatnam Port Authority,Major Ports,capacity,Port-wise Capacity Utilisation,30,,,Million Tonnes / %,,,,,,,148.18,81.09,54.72,,
2023-24,2023-24,Kamarajar Port Limited,Major Ports,capacity,Port-wise Capacity Utilisation,30,,,Million Tonnes / %,,,,,,,136.0,51.6,37.94,,
2023-24,2023-24,Chennai Port Authority,Major Ports,capacity,Port-wise Capacity Utilisation,30,,,Million Tonnes / %,,,,,,,111.46,41.4,37.15,,
2023-24,2023-24,V.O. Chidambaranar Port Authority,Major Ports,capacity,Port-wise Capacity Utilisation,30,,,Million Tonnes / %,,,,,,,111.46,41.4,37.15,,
2023-24,2023-24,Cochin Port Authority,Major Ports,capacity,Port-wise Capacity Utilisation,30,,,Million Tonnes / %,,,,,,,114.96,45.71,39.76,,
2023-24,2023-24,New Mangalore Port Authority,Major Ports,capacity,Port-wise Capacity Utilisation,30,,,Million Tonnes / %,,,,,,,114.96,45.71,39.76,,
2023-24,2023-24,JNPA,Major Ports,capacity,Port-wise Capacity Utilisation,30,,,Million Tonnes / %,,,,,,,84.0,67.26,80.07,,
2023-24,2023-24,Mumbai Port Authority,Major Ports,capacity,Port-wise Capacity Utilisation,30,,,Million Tonnes / %,,,,,,,269.32,132.37,49.15,,
2023-24,2023-24,Deendayal Port Authority,Major Ports,capacity,Port-wise Capacity Utilisation,30,,,Million Tonnes / %,,,,,,,1629.86,819.3,50.27,,
2023-24,2023-24,Gujarat,State (Major+Non-Major),state_total,State-wise Cargo Traffic at Indian Ports,22,,,Million Tonnes,,,581.63,,,,,,,132.37,449.26
2023-24,2023-24,Maharashtra,State (Major+Non-Major),state_total,State-wise Cargo Traffic at Indian Ports,22,,,Million Tonnes,,,229.95,,,,,,,153.08,76.87
2023-24,2023-24,Goa,State (Major+Non-Major),state_total,State-wise Cargo Traffic at Indian Ports,22,,,Million Tonnes,,,20.75,,,,,,,20.63,0.12
2023-24,2023-24,Karnataka,State (Major+Non-Major),state_total,State-wise Cargo Traffic at Indian Ports,22,,,Million Tonnes,,,46.59,,,,,,,45.71,0.89
2023-24,2023-24,Kerala,State (Major+Non-Major),state_total,State-wise Cargo Traffic at Indian Ports,22,,,Million Tonnes,,,36.4,,,,,,,36.32,0.09
2023-24,2023-24,Tamil Nadu,State (Major+Non-Major),state_total,State-wise Cargo Traffic at Indian Ports,22,,,Million Tonnes,,,148.4,,,,,,,138.28,10.12
2023-24,2023-24,Andhra Pradesh,State (Major+Non-Major),state_total,State-wise Cargo Traffic at Indian Ports,22,,,Million Tonnes,,,198.53,,,,,,,81.09,117.44
2023-24,2023-24,Orissa,State (Major+Non-Major),state_total,State-wise Cargo Traffic at Indian Ports,22,,,Million Tonnes,,,199.62,,,,,,,145.38,54.24
2023-24,2023-24,West Bengal,State (Major+Non-Major),state_total,State-wise Cargo Traffic at Indian Ports,22,,,Million Tonnes,,,66.45,,,,,,,66.45,0.0
2023-24,2023-24,Others,State (Major+Non-Major),state_total,State-wise Cargo Traffic at Indian Ports,22,,,Million Tonnes,,,14.56,,,,,,,0.0,14.56
2023-24,2023-24,Gujarat,State (Major+Non-Major),state_total,State-wise Cargo Traffic at Indian Ports,22,,,Million Tonnes,,,12.94,,,,,,,62.09,14.9
2023-24,2023-24,Gujarat,State (Major+Non-Major),state_total,State-wise Cargo Traffic at Indian Ports,22,,,Million Tonnes,,,,,,,,,,14.9,12.94
2023-24,2023-24,Tamil Nadu,State (Major+Non-Major),state_total,State-wise Cargo Traffic at Indian Ports,22,,,Million Tonnes,,,,,,,,,,12.87,9.62
2023-24,2023-24,Others,Non-Major Ports,commodity,Non-Major Ports: State+Commodity Traffic,141,,,Million Tonnes,,,19.8,Total,,,,,,,
2023-24,2023-24,Maharashtra,Non-Major Ports,commodity,Non-Major Ports: State+Commodity Traffic,155,,,Million Tonnes,,,1524.0,Total,,,,,,,
2023-24,2023-24,Goa,Non-Major Ports,commodity,Non-Major Ports: State+Commodity Traffic,155,,,Million Tonnes,,,118.0,Total,,,,,,,
2023-24,2023-24,Karnataka,Non-Major Ports,commodity,Non-Major Ports: State+Commodity Traffic,156,,,Million Tonnes,,,253.0,Total,,,,,,,
2023-24,2023-24,Kerala,Non-Major Ports,commodity,Non-Major Ports: State+Commodity Traffic,156,,,Million Tonnes,,,87.0,Total,,,,,,,
2023-24,2023-24,Tamil Nadu,Non-Major Ports,commodity,Non-Major Ports: State+Commodity Traffic,156,,,Million Tonnes,,,321.0,Total,,,,,,,
2023-24,2023-24,Odisha,Non-Major Ports,commodity,Non-Major Ports: State+Commodity Traffic,156,,,Million Tonnes,,,182.0,Total,,,,,,,
2023-24,2023-24,Gujarat,Non-Major Ports,commodity,Non-Major Ports: State+Commodity Traffic,157,,,Million Tonnes,,,576.0,Coal,,,,,,,
2023-24,2023-24,Gujarat,Non-Major Ports,commodity,Non-Major Ports: State+Commodity Traffic,157,,,Million Tonnes,,,0.0,Fertiliser,,,,,,,
2023-24,2023-24,Gujarat,Non-Major Ports,commodity,Non-Major Ports: State+Commodity Traffic,157,,,Million Tonnes,,,216.0,Iron Ore,,,,,,,
2023-24,2023-24,Others,Non-Major Ports,commodity,Non-Major Ports: State+Commodity Traffic,157,,,Million Tonnes,,,556.0,Others,,,,,,,
2023-24,2023-24,Maharashtra,Non-Major Ports,commodity,Non-Major Ports: State+Commodity Traffic,157,,,Million Tonnes,,,1039.0,Iron Ore,,,,,,,
2023-24,2023-24,Maharashtra,Non-Major Ports,commodity,Non-Major Ports: State+Commodity Traffic,157,,,Million Tonnes,,,0.0,POL,,,,,,,
2023-24,2023-24,Maharashtra,Non-Major Ports,commodity,Non-Major Ports: State+Commodity Traffic,157,,,Million Tonnes,,,0.0,Coal,,,,,,,
2023-24,2023-24,Maharashtra,Non-Major Ports,commodity,Non-Major Ports: State+Commodity Traffic,157,,,Million Tonnes,,,0.0,Fertiliser,,,,,,,
2023-24,2023-24,Goa,Non-Major Ports,commodity,Non-Major Ports: State+Commodity Traffic,157,,,Million Tonnes,,,58.0,Iron Ore,,,,,,,
2023-24,2023-24,Tamil Nadu,Non-Major Ports,commodity,Non-Major Ports: State+Commodity Traffic,158,,,Million Tonnes,,,0.0,POL,,,,,,,
2023-24,2023-24,Tamil Nadu,Non-Major Ports,commodity,Non-Major Ports: State+Commodity Traffic,158,,,Million Tonnes,,,0.0,Fertiliser,,,,,,,
2023-24,2023-24,Kerala,Non-Major Ports,commodity,Non-Major Ports: State+Commodity Traffic,158,,,Million Tonnes,,,10.0,POL,,,,,,,
2023-24,2023-24,Others,Non-Major Ports,commodity,Non-Major Ports: State+Commodity Traffic,158,,,Million Tonnes,,,1.0,POL,,,,,,,
2023-24,2023-24,Others,Non-Major Ports,commodity,Non-Major Ports: State+Commodity Traffic,158,,,Million Tonnes,,,0.0,Coal,,,,,,,
2023-24,2023-24,Others,Non-Major Ports,commodity,Non-Major Ports: State+Commodity Traffic,158,,,Million Tonnes,,,0.0,Fertiliser,,,,,,,
2023-24,2023-24,Others,Non-Major Ports,commodity,Non-Major Ports: State+Commodity Traffic,158,,,Million Tonnes,,,502.0,Iron Ore,,,,,,,
2023-24,2023-24,Andhra Pradesh,Non-Major Ports,commodity,Non-Major Ports: State+Commodity Traffic,158,,,Million Tonnes,,,1855.0,POL,,,,,,,
2023-24,2023-24,Andhra Pradesh,Non-Major Ports,commodity,Non-Major Ports: State+Commodity Traffic,158,,,Million Tonnes,,,101.0,Coal,,,,,,,
2023-24,2023-24,Andhra Pradesh,Non-Major Ports,commodity,Non-Major Ports: State+Commodity Traffic,158,,,Million Tonnes,,,1263.0,Iron Ore,,,,,,,
2023-24,2023-24,Karnataka,Non-Major Ports,commodity,Non-Major Ports: State+Commodity Traffic,159,,,Million Tonnes,,,0.0,Fertiliser,,,,,,,
2023-24,2023-24,Karnataka,Non-Major Ports,commodity,Non-Major Ports: State+Commodity Traffic,159,,,Million Tonnes,,,71.0,POL,,,,,,,
2023-24,2023-24,Odisha,Non-Major Ports,commodity,Non-Major Ports: State+Commodity Traffic,159,,,Million Tonnes,,,0.0,Fertiliser,,,,,,,
2023-24,2023-24,Odisha,Non-Major Ports,commodity,Non-Major Ports: State+Commodity Traffic,159,,,Million Tonnes,,,0.0,Iron Ore,,,,,,,
2023-24,2023-24,Odisha,Non-Major Ports,commodity,Non-Major Ports: State+Commodity Traffic,159,,,Million Tonnes,,,69.0,Coal,,,,,,,
2023-24,2023-24,Others,Non-Major Ports,commodity,Non-Major Ports: State+Commodity Traffic,160,,,Million Tonnes,,,414.0,Fertilizer,,,,,,,
2023-24,2023-24,Karnataka,Non-Major Ports,commodity,Non-Major Ports: State+Commodity Traffic,161,,,Million Tonnes,,,42.0,Fertilizer,,,,,,,
2023-24,2023-24,Goa,Non-Major Ports,commodity,Non-Major Ports: State+Commodity Traffic,162,,,Million Tonnes,,,0.0,Coal,,,,,,,
2023-24,2023-24,Andhra Pradesh,Non-Major Ports,commodity,Non-Major Ports: State+Commodity Traffic,162,,,Million Tonnes,,,0.0,Fertiliser,,,,,,,
2023-24,2023-24,Odisha,Non-Major Ports,commodity,Non-Major Ports: State+Commodity Traffic,167,,,Million Tonnes,,,24.0,POL,,,,,,,
2023-24,2023-24,West Bengal,Non-Major Ports,commodity,Non-Major Ports: State+Commodity Traffic,174,,,Million Tonnes,,,1866.0,Total,,,,,,,
2019-20,2023-24,SMPA Kolkata DS,Major Ports,efficiency,Table: Pre-Berthing Detention (hours),31,Pre-Berthing Detention (hours),16.77,hours,,,,,,,,,,,
2020-21,2023-24,SMPA Kolkata DS,Major Ports,efficiency,Table: Pre-Berthing Detention (hours),31,Pre-Berthing Detention (hours),12.24,hours,,,,,,,,,,,
2021-22,2023-24,SMPA Kolkata DS,Major Ports,efficiency,Table: Pre-Berthing Detention (hours),31,Pre-Berthing Detention (hours),14.75,hours,,,,,,,,,,,
2022-23,2023-24,SMPA Kolkata DS,Major Ports,efficiency,Table: Pre-Berthing Detention (hours),31,Pre-Berthing Detention (hours),11.05,hours,,,,,,,,,,,
2023-24,2023-24,SMPA Kolkata DS,Major Ports,efficiency,Table: Pre-Berthing Detention (hours),31,Pre-Berthing Detention (hours),19.21,hours,,,,,,,,,,,
2023-24,2023-24,SMPA Kolkata DS,Major Ports,efficiency,Table: Pre-Berthing Detention (hours),31,Pre-Berthing Detention (hours),70.95,hours,,,,,,,,,,,
2023-24,2023-24,SMPA Kolkata DS,Major Ports,efficiency,Table: Pre-Berthing Detention (hours),31,Pre-Berthing Detention (hours),65.04,hours,,,,,,,,,,,
2023-24,2023-24,SMPA Kolkata DS,Major Ports,efficiency,Table: Pre-Berthing Detention (hours),31,Pre-Berthing Detention (hours),31.1,hours,,,,,,,,,,,
2023-24,2023-24,SMPA Kolkata DS,Major Ports,efficiency,Table: Pre-Berthing Detention (hours),31,Pre-Berthing Detention (hours),27.45,hours,,,,,,,,,,,
2023-24,2023-24,SMPA Kolkata DS,Major Ports,efficiency,Table: Pre-Berthing Detention (hours),31,Pre-Berthing Detention (hours),1.15,hours,,,,,,,,,,,
2019-20,2023-24,SMPA Haldia DC,Major Ports,efficiency,Table: Pre-Berthing Detention (hours),31,Pre-Berthing Detention (hours),70.95,hours,,,,,,,,,,,
2020-21,2023-24,SMPA Haldia DC,Major Ports,efficiency,Table: Pre-Berthing Detention (hours),31,Pre-Berthing Detention (hours),65.04,hours,,,,,,,,,,,
2021-22,2023-24,SMPA Haldia DC,Major Ports,efficiency,Table: Pre-Berthing Detention (hours),31,Pre-Berthing Detention (hours),31.1,hours,,,,,,,,,,,
2022-23,2023-24,SMPA Haldia DC,Major Ports,efficiency,Table: Pre-Berthing Detention (hours),31,Pre-Berthing Detention (hours),27.45,hours,,,,,,,,,,,
2023-24,2023-24,SMPA Haldia DC,Major Ports,efficiency,Table: Pre-Berthing Detention (hours),31,Pre-Berthing Detention (hours),1.15,hours,,,,,,,,,,,
2023-24,2023-24,SMPA Haldia DC,Major Ports,efficiency,Table: Pre-Berthing Detention (hours),31,Pre-Berthing Detention (hours),15.32,hours,,,,,,,,,,,
2023-24,2023-24,SMPA Haldia DC,Major Ports,efficiency,Table: Pre-Berthing Detention (hours),31,Pre-Berthing Detention (hours),6.24,hours,,,,,,,,,,,
2023-24,2023-24,SMPA Haldia DC,Major Ports,efficiency,Table: Pre-Berthing Detention (hours),31,Pre-Berthing Detention (hours),2.44,hours,,,,,,,,,,,
2023-24,2023-24,SMPA Haldia DC,Major Ports,efficiency,Table: Pre-Berthing Detention (hours),31,Pre-Berthing Detention (hours),1.68,hours,,,,,,,,,,,
2023-24,2023-24,SMPA Haldia DC,Major Ports,efficiency,Table: Pre-Berthing Detention (hours),31,Pre-Berthing Detention (hours),1.22,hours,,,,,,,,,,,
2019-20,2023-24,Paradip Port Authority,Major Ports,efficiency,Table: Pre-Berthing Detention (hours),31,Pre-Berthing Detention (hours),15.32,hours,,,,,,,,,,,
2020-21,2023-24,Paradip Port Authority,Major Ports,efficiency,Table: Pre-Berthing Detention (hours),31,Pre-Berthing Detention (hours),6.24,hours,,,,,,,,,,,
2021-22,2023-24,Paradip Port Authority,Major Ports,efficiency,Table: Pre-Berthing Detention (hours),31,Pre-Berthing Detention (hours),2.44,hours,,,,,,,,,,,
2022-23,2023-24,Paradip Port Authority,Major Ports,efficiency,Table: Pre-Berthing Detention (hours),31,Pre-Berthing Detention (hours),1.68,hours,,,,,,,,,,,
2023-24,2023-24,Paradip Port Authority,Major Ports,efficiency,Table: Pre-Berthing Detention (hours),31,Pre-Berthing Detention (hours),1.22,hours,,,,,,,,,,,
2019-20,2023-24,Vishakhapatnam Port Authority,Major Ports,efficiency,Table: Pre-Berthing Detention (hours),31,Pre-Berthing Detention (hours),1.22,hours,,,,,,,,,,,
2020-21,2023-24,Vishakhapatnam Port Authority,Major Ports,efficiency,Table: Pre-Berthing Detention (hours),31,Pre-Berthing Detention (hours),1.2,hours,,,,,,,,,,,
2021-22,2023-24,Vishakhapatnam Port Authority,Major Ports,efficiency,Table: Pre-Berthing Detention (hours),31,Pre-Berthing Detention (hours),0.9,hours,,,,,,,,,,,
2022-23,2023-24,Vishakhapatnam Port Authority,Major Ports,efficiency,Table: Pre-Berthing Detention (hours),31,Pre-Berthing Detention (hours),1.78,hours,,,,,,,,,,,
2023-24,2023-24,Vishakhapatnam Port Authority,Major Ports,efficiency,Table: Pre-Berthing Detention (hours),31,Pre-Berthing Detention (hours),0.63,hours,,,,,,,,,,,
2019-20,2023-24,Kamarajar Port Limited,Major Ports,efficiency,Table: Pre-Berthing Detention (hours),31,Pre-Berthing Detention (hours),2.88,hours,,,,,,,,,,,
2020-21,2023-24,Kamarajar Port Limited,Major Ports,efficiency,Table: Pre-Berthing Detention (hours),31,Pre-Berthing Detention (hours),1.92,hours,,,,,,,,,,,
2021-22,2023-24,Kamarajar Port Limited,Major Ports,efficiency,Table: Pre-Berthing Detention (hours),31,Pre-Berthing Detention (hours),0.85,hours,,,,,,,,,,,
2022-23,2023-24,Kamarajar Port Limited,Major Ports,efficiency,Table: Pre-Berthing Detention (hours),31,Pre-Berthing Detention (hours),1.06,hours,,,,,,,,,,,
2023-24,2023-24,Kamarajar Port Limited,Major Ports,efficiency,Table: Pre-Berthing Detention (hours),31,Pre-Berthing Detention (hours),0.59,hours,,,,,,,,,,,
2023-24,2023-24,Kamarajar Port Limited,Major Ports,efficiency,Table: Pre-Berthing Detention (hours),31,Pre-Berthing Detention (hours),0.0,hours,,,,,,,,,,,
2023-24,2023-24,Kamarajar Port Limited,Major Ports,efficiency,Table: Pre-Berthing Detention (hours),31,Pre-Berthing Detention (hours),0.07,hours,,,,,,,,,,,
2023-24,2023-24,Kamarajar Port Limited,Major Ports,efficiency,Table: Pre-Berthing Detention (hours),31,Pre-Berthing Detention (hours),0.33,hours,,,,,,,,,,,
2019-20,2023-24,Chennai Port Authority,Major Ports,efficiency,Table: Pre-Berthing Detention (hours),31,Pre-Berthing Detention (hours),0.0,hours,,,,,,,,,,,
2020-21,2023-24,Chennai Port Authority,Major Ports,efficiency,Table: Pre-Berthing Detention (hours),31,Pre-Berthing Detention (hours),0.0,hours,,,,,,,,,,,
2021-22,2023-24,Chennai Port Authority,Major Ports,efficiency,Table: Pre-Berthing Detention (hours),31,Pre-Berthing Detention (hours),0.07,hours,,,,,,,,,,,
2022-23,2023-24,Chennai Port Authority,Major Ports,efficiency,Table: Pre-Berthing Detention (hours),31,Pre-Berthing Detention (hours),0.0,hours,,,,,,,,,,,
2023-24,2023-24,Chennai Port Authority,Major Ports,efficiency,Table: Pre-Berthing Detention (hours),31,Pre-Berthing Detention (hours),0.33,hours,,,,,,,,,,,
2019-20,2023-24,V.O. Chidambaranar Port Authority,Major Ports,efficiency,Table: Pre-Berthing Detention (hours),31,Pre-Berthing Detention (hours),15.61,hours,,,,,,,,,,,
2020-21,2023-24,V.O. Chidambaranar Port Authority,Major Ports,efficiency,Table: Pre-Berthing Detention (hours),31,Pre-Berthing Detention (hours),11.63,hours,,,,,,,,,,,
2021-22,2023-24,V.O. Chidambaranar Port Authority,Major Ports,efficiency,Table: Pre-Berthing Detention (hours),31,Pre-Berthing Detention (hours),30.52,hours,,,,,,,,,,,
2022-23,2023-24,V.O. Chidambaranar Port Authority,Major Ports,efficiency,Table: Pre-Berthing Detention (hours),31,Pre-Berthing Detention (hours),41.66,hours,,,,,,,,,,,
2019-20,2023-24,Cochin Port Authority,Major Ports,efficiency,Table: Pre-Berthing Detention (hours),31,Pre-Berthing Detention (hours),11.44,hours,,,,,,,,,,,
2020-21,2023-24,Cochin Port Authority,Major Ports,efficiency,Table: Pre-Berthing Detention (hours),31,Pre-Berthing Detention (hours),15.36,hours,,,,,,,,,,,
2021-22,2023-24,Cochin Port Authority,Major Ports,efficiency,Table: Pre-Berthing Detention (hours),31,Pre-Berthing Detention (hours),11.23,hours,,,,,,,,,,,
2022-23,2023-24,Cochin Port Authority,Major Ports,efficiency,Table: Pre-Berthing Detention (hours),31,Pre-Berthing Detention (hours),6.04,hours,,,,,,,,,,,
2023-24,2023-24,Cochin Port Authority,Major Ports,efficiency,Table: Pre-Berthing Detention (hours),31,Pre-Berthing Detention (hours),6.73,hours,,,,,,,,,,,
2019-20,2023-24,New Mangalore Port Authority,Major Ports,efficiency,Table: Pre-Berthing Detention (hours),31,Pre-Berthing Detention (hours),30.13,hours,,,,,,,,,,,
2020-21,2023-24,New Mangalore Port Authority,Major Ports,efficiency,Table: Pre-Berthing Detention (hours),31,Pre-Berthing Detention (hours),26.16,hours,,,,,,,,,,,
2021-22,2023-24,New Mangalore Port Authority,Major Ports,efficiency,Table: Pre-Berthing Detention (hours),31,Pre-Berthing Detention (hours),28.54,hours,,,,,,,,,,,
2022-23,2023-24,New Mangalore Port Authority,Major Ports,efficiency,Table: Pre-Berthing Detention (hours),31,Pre-Berthing Detention (hours),31.63,hours,,,,,,,,,,,
2023-24,2023-24,New Mangalore Port Authority,Major Ports,efficiency,Table: Pre-Berthing Detention (hours),31,Pre-Berthing Detention (hours),19.8,hours,,,,,,,,,,,
2019-20,2023-24,JNPA,Major Ports,efficiency,Table: Pre-Berthing Detention (hours),31,Pre-Berthing Detention (hours),18.38,hours,,,,,,,,,,,
2020-21,2023-24,JNPA,Major Ports,efficiency,Table: Pre-Berthing Detention (hours),31,Pre-Berthing Detention (hours),21.84,hours,,,,,,,,,,,
2021-22,2023-24,JNPA,Major Ports,efficiency,Table: Pre-Berthing Detention (hours),31,Pre-Berthing Detention (hours),21.58,hours,,,,,,,,,,,
2022-23,2023-24,JNPA,Major Ports,efficiency,Table: Pre-Berthing Detention (hours),31,Pre-Berthing Detention (hours),36.3,hours,,,,,,,,,,,
2023-24,2023-24,JNPA,Major Ports,efficiency,Table: Pre-Berthing Detention (hours),31,Pre-Berthing Detention (hours),16.34,hours,,,,,,,,,,,
2023-24,2023-24,JNPA,Major Ports,efficiency,Table: Pre-Berthing Detention (hours),31,Pre-Berthing Detention (hours),3.74,hours,,,,,,,,,,,
2023-24,2023-24,JNPA,Major Ports,efficiency,Table: Pre-Berthing Detention (hours),31,Pre-Berthing Detention (hours),2.4,hours,,,,,,,,,,,
2023-24,2023-24,JNPA,Major Ports,efficiency,Table: Pre-Berthing Detention (hours),31,Pre-Berthing Detention (hours),0.95,hours,,,,,,,,,,,
2023-24,2023-24,JNPA,Major Ports,efficiency,Table: Pre-Berthing Detention (hours),31,Pre-Berthing Detention (hours),0.5,hours,,,,,,,,,,,
2023-24,2023-24,JNPA,Major Ports,efficiency,Table: Pre-Berthing Detention (hours),31,Pre-Berthing Detention (hours),0.0,hours,,,,,,,,,,,
2019-20,2023-24,Mumbai Port Authority,Major Ports,efficiency,Table: Pre-Berthing Detention (hours),31,Pre-Berthing Detention (hours),3.74,hours,,,,,,,,,,,
2020-21,2023-24,Mumbai Port Authority,Major Ports,efficiency,Table: Pre-Berthing Detention (hours),31,Pre-Berthing Detention (hours),2.4,hours,,,,,,,,,,,
2021-22,2023-24,Mumbai Port Authority,Major Ports,efficiency,Table: Pre-Berthing Detention (hours),31,Pre-Berthing Detention (hours),0.95,hours,,,,,,,,,,,
2022-23,2023-24,Mumbai Port Authority,Major Ports,efficiency,Table: Pre-Berthing Detention (hours),31,Pre-Berthing Detention (hours),0.5,hours,,,,,,,,,,,
2023-24,2023-24,Mumbai Port Authority,Major Ports,efficiency,Table: Pre-Berthing Detention (hours),31,Pre-Berthing Detention (hours),0.0,hours,,,,,,,,,,,
2023-24,2023-24,Mumbai Port Authority,Major Ports,efficiency,Table: Pre-Berthing Detention (hours),31,Pre-Berthing Detention (hours),44.43,hours,,,,,,,,,,,
2023-24,2023-24,Mumbai Port Authority,Major Ports,efficiency,Table: Pre-Berthing Detention (hours),31,Pre-Berthing Detention (hours),67.44,hours,,,,,,,,,,,
2023-24,2023-24,Mumbai Port Authority,Major Ports,efficiency,Table: Pre-Berthing Detention (hours),31,Pre-Berthing Detention (hours),56.42,hours,,,,,,,,,,,
2023-24,2023-24,Mumbai Port Authority,Major Ports,efficiency,Table: Pre-Berthing Detention (hours),31,Pre-Berthing Detention (hours),54.11,hours,,,,,,,,,,,
2023-24,2023-24,Mumbai Port Authority,Major Ports,efficiency,Table: Pre-Berthing Detention (hours),31,Pre-Berthing Detention (hours),45.5,hours,,,,,,,,,,,
2019-20,2023-24,Deendayal Port Authority,Major Ports,efficiency,Table: Pre-Berthing Detention (hours),31,Pre-Berthing Detention (hours),44.43,hours,,,,,,,,,,,
2020-21,2023-24,Deendayal Port Authority,Major Ports,efficiency,Table: Pre-Berthing Detention (hours),31,Pre-Berthing Detention (hours),67.44,hours,,,,,,,,,,,
2021-22,2023-24,Deendayal Port Authority,Major Ports,efficiency,Table: Pre-Berthing Detention (hours),31,Pre-Berthing Detention (hours),56.42,hours,,,,,,,,,,,
2022-23,2023-24,Deendayal Port Authority,Major Ports,efficiency,Table: Pre-Berthing Detention (hours),31,Pre-Berthing Detention (hours),54.11,hours,,,,,,,,,,,
2023-24,2023-24,Deendayal Port Authority,Major Ports,efficiency,Table: Pre-Berthing Detention (hours),31,Pre-Berthing Detention (hours),45.5,hours,,,,,,,,,,,
2023-24,2023-24,Deendayal Port Authority,Major Ports,efficiency,Table: Pre-Berthing Detention (hours),31,Pre-Berthing Detention (hours),22.8,hours,,,,,,,,,,,
2023-24,2023-24,Deendayal Port Authority,Major Ports,efficiency,Table: Pre-Berthing Detention (hours),31,Pre-Berthing Detention (hours),24.96,hours,,,,,,,,,,,
2023-24,2023-24,Deendayal Port Authority,Major Ports,efficiency,Table: Pre-Berthing Detention (hours),31,Pre-Berthing Detention (hours),18.82,hours,,,,,,,,,,,
2023-24,2023-24,Deendayal Port Authority,Major Ports,efficiency,Table: Pre-Berthing Detention (hours),31,Pre-Berthing Detention (hours),19.29,hours,,,,,,,,,,,
2023-24,2023-24,Deendayal Port Authority,Major Ports,efficiency,Table: Pre-Berthing Detention (hours),31,Pre-Berthing Detention (hours),14.14,hours,,,,,,,,,,,
2019-20,2023-24,JNPA,Major Ports,efficiency,Table: Pre-Berthing Detention (hours),32,Pre-Berthing Detention (hours),26.27,hours,,,,,,,,,,,
2020-21,2023-24,JNPA,Major Ports,efficiency,Table: Pre-Berthing Detention (hours),32,Pre-Berthing Detention (hours),98.36,hours,,,,,,,,,,,
2019-20,2023-24,SMPA Kolkata DS,Major Ports,efficiency,Table: Turn Round Time (hours),33,Turn Round Time (hours),76.14,hours,,,,,,,,,,,
2020-21,2023-24,SMPA Kolkata DS,Major Ports,efficiency,Table: Turn Round Time (hours),33,Turn Round Time (hours),51.01,hours,,,,,,,,,,,
2021-22,2023-24,SMPA Kolkata DS,Major Ports,efficiency,Table: Turn Round Time (hours),33,Turn Round Time (hours),82.8,hours,,,,,,,,,,,
2022-23,2023-24,SMPA Kolkata DS,Major Ports,efficiency,Table: Turn Round Time (hours),33,Turn Round Time (hours),48.88,hours,,,,,,,,,,,
2023-24,2023-24,SMPA Kolkata DS,Major Ports,efficiency,Table: Turn Round Time (hours),33,Turn Round Time (hours),73.89,hours,,,,,,,,,,,
2023-24,2023-24,SMPA Kolkata DS,Major Ports,efficiency,Table: Turn Round Time (hours),33,Turn Round Time (hours),66.0,hours,,,,,,,,,,,
2023-24,2023-24,SMPA Kolkata DS,Major Ports,efficiency,Table: Turn Round Time (hours),33,Turn Round Time (hours),69.79,hours,,,,,,,,,,,
2023-24,2023-24,SMPA Kolkata DS,Major Ports,efficiency,Table: Turn Round Time (hours),33,Turn Round Time (hours),51.19,hours,,,,,,,,,,,
2023-24,2023-24,SMPA Kolkata DS,Major Ports,efficiency,Table: Turn Round Time (hours),33,Turn Round Time (hours),51.52,hours,,,,,,,,,,,
2023-24,2023-24,SMPA Kolkata DS,Major Ports,efficiency,Table: Turn Round Time (hours),33,Turn Round Time (hours),50.12,hours,,,,,,,,,,,
2019-20,2023-24,SMPA Haldia DC,Major Ports,efficiency,Table: Turn Round Time (hours),33,Turn Round Time (hours),66.0,hours,,,,,,,,,,,
2020-21,2023-24,SMPA Haldia DC,Major Ports,efficiency,Table: Turn Round Time (hours),33,Turn Round Time (hours),69.79,hours,,,,,,,,,,,
2021-22,2023-24,SMPA Haldia DC,Major Ports,efficiency,Table: Turn Round Time (hours),33,Turn Round Time (hours),51.19,hours,,,,,,,,,,,
2022-23,2023-24,SMPA Haldia DC,Major Ports,efficiency,Table: Turn Round Time (hours),33,Turn Round Time (hours),51.52,hours,,,,,,,,,,,
2023-24,2023-24,SMPA Haldia DC,Major Ports,efficiency,Table: Turn Round Time (hours),33,Turn Round Time (hours),50.12,hours,,,,,,,,,,,
2023-24,2023-24,SMPA Haldia DC,Major Ports,efficiency,Table: Turn Round Time (hours),33,Turn Round Time (hours),56.09,hours,,,,,,,,,,,
2023-24,2023-24,SMPA Haldia DC,Major Ports,efficiency,Table: Turn Round Time (hours),33,Turn Round Time (hours),58.08,hours,,,,,,,,,,,
2023-24,2023-24,SMPA Haldia DC,Major Ports,efficiency,Table: Turn Round Time (hours),33,Turn Round Time (hours),53.16,hours,,,,,,,,,,,
2023-24,2023-24,SMPA Haldia DC,Major Ports,efficiency,Table: Turn Round Time (hours),33,Turn Round Time (hours),46.27,hours,,,,,,,,,,,
2023-24,2023-24,SMPA Haldia DC,Major Ports,efficiency,Table: Turn Round Time (hours),33,Turn Round Time (hours),41.24,hours,,,,,,,,,,,
2019-20,2023-24,Paradip Port Authority,Major Ports,efficiency,Table: Turn Round Time (hours),33,Turn Round Time (hours),56.09,hours,,,,,,,,,,,
2020-21,2023-24,Paradip Port Authority,Major Ports,efficiency,Table: Turn Round Time (hours),33,Turn Round Time (hours),58.08,hours,,,,,,,,,,,
2021-22,2023-24,Paradip Port Authority,Major Ports,efficiency,Table: Turn Round Time (hours),33,Turn Round Time (hours),53.16,hours,,,,,,,,,,,
2022-23,2023-24,Paradip Port Authority,Major Ports,efficiency,Table: Turn Round Time (hours),33,Turn Round Time (hours),46.27,hours,,,,,,,,,,,
2023-24,2023-24,Paradip Port Authority,Major Ports,efficiency,Table: Turn Round Time (hours),33,Turn Round Time (hours),41.24,hours,,,,,,,,,,,
2023-24,2023-24,Paradip Port Authority,Major Ports,efficiency,Table: Turn Round Time (hours),33,Turn Round Time (hours),58.27,hours,,,,,,,,,,,
2023-24,2023-24,Paradip Port Authority,Major Ports,efficiency,Table: Turn Round Time (hours),33,Turn Round Time (hours),66.0,hours,,,,,,,,,,,
2023-24,2023-24,Paradip Port Authority,Major Ports,efficiency,Table: Turn Round Time (hours),33,Turn Round Time (hours),73.83,hours,,,,,,,,,,,
2023-24,2023-24,Paradip Port Authority,Major Ports,efficiency,Table: Turn Round Time (hours),33,Turn Round Time (hours),73.19,hours,,,,,,,,,,,
2023-24,2023-24,Paradip Port Authority,Major Ports,efficiency,Table: Turn Round Time (hours),33,Turn Round Time (hours),65.86,hours,,,,,,,,,,,
2019-20,2023-24,Vishakhapatnam Port Authority,Major Ports,efficiency,Table: Turn Round Time (hours),33,Turn Round Time (hours),41.49,hours,,,,,,,,,,,
2020-21,2023-24,Vishakhapatnam Port Authority,Major Ports,efficiency,Table: Turn Round Time (hours),33,Turn Round Time (hours),42.96,hours,,,,,,,,,,,
2021-22,2023-24,Vishakhapatnam Port Authority,Major Ports,efficiency,Table: Turn Round Time (hours),33,Turn Round Time (hours),46.38,hours,,,,,,,,,,,
2022-23,2023-24,Vishakhapatnam Port Authority,Major Ports,efficiency,Table: Turn Round Time (hours),33,Turn Round Time (hours),45.26,hours,,,,,,,,,,,
2023-24,2023-24,Vishakhapatnam Port Authority,Major Ports,efficiency,Table: Turn Round Time (hours),33,Turn Round Time (hours),43.36,hours,,,,,,,,,,,
2019-20,2023-24,Kamarajar Port Limited,Major Ports,efficiency,Table: Turn Round Time (hours),33,Turn Round Time (hours),48.0,hours,,,,,,,,,,,
2020-21,2023-24,Kamarajar Port Limited,Major Ports,efficiency,Table: Turn Round Time (hours),33,Turn Round Time (hours),51.36,hours,,,,,,,,,,,
2021-22,2023-24,Kamarajar Port Limited,Major Ports,efficiency,Table: Turn Round Time (hours),33,Turn Round Time (hours),53.19,hours,,,,,,,,,,,
2022-23,2023-24,Kamarajar Port Limited,Major Ports,efficiency,Table: Turn Round Time (hours),33,Turn Round Time (hours),48.08,hours,,,,,,,,,,,
2023-24,2023-24,Kamarajar Port Limited,Major Ports,efficiency,Table: Turn Round Time (hours),33,Turn Round Time (hours),44.92,hours,,,,,,,,,,,
2019-20,2023-24,Chennai Port Authority,Major Ports,efficiency,Table: Turn Round Time (hours),33,Turn Round Time (hours),48.0,hours,,,,,,,,,,,
2020-21,2023-24,Chennai Port Authority,Major Ports,efficiency,Table: Turn Round Time (hours),33,Turn Round Time (hours),51.36,hours,,,,,,,,,,,
2021-22,2023-24,Chennai Port Authority,Major Ports,efficiency,Table: Turn Round Time (hours),33,Turn Round Time (hours),53.19,hours,,,,,,,,,,,
2022-23,2023-24,Chennai Port Authority,Major Ports,efficiency,Table: Turn Round Time (hours),33,Turn Round Time (hours),48.08,hours,,,,,,,,,,,
2023-24,2023-24,Chennai Port Authority,Major Ports,efficiency,Table: Turn Round Time (hours),33,Turn Round Time (hours),44.92,hours,,,,,,,,,,,
2023-24,2023-24,Chennai Port Authority,Major Ports,efficiency,Table: Turn Round Time (hours),33,Turn Round Time (hours),40.08,hours,,,,,,,,,,,
2023-24,2023-24,Chennai Port Authority,Major Ports,efficiency,Table: Turn Round Time (hours),33,Turn Round Time (hours),40.8,hours,,,,,,,,,,,
2023-24,2023-24,Chennai Port Authority,Major Ports,efficiency,Table: Turn Round Time (hours),33,Turn Round Time (hours),48.54,hours,,,,,,,,,,,
2023-24,2023-24,Chennai Port Authority,Major Ports,efficiency,Table: Turn Round Time (hours),33,Turn Round Time (hours),46.89,hours,,,,,,,,,,,
2023-24,2023-24,Chennai Port Authority,Major Ports,efficiency,Table: Turn Round Time (hours),33,Turn Round Time (hours),51.46,hours,,,,,,,,,,,
2019-20,2023-24,V.O. Chidambaranar Port Authority,Major Ports,efficiency,Table: Turn Round Time (hours),33,Turn Round Time (hours),40.08,hours,,,,,,,,,,,
2020-21,2023-24,V.O. Chidambaranar Port Authority,Major Ports,efficiency,Table: Turn Round Time (hours),33,Turn Round Time (hours),40.8,hours,,,,,,,,,,,
2021-22,2023-24,V.O. Chidambaranar Port Authority,Major Ports,efficiency,Table: Turn Round Time (hours),33,Turn Round Time (hours),48.54,hours,,,,,,,,,,,
2022-23,2023-24,V.O. Chidambaranar Port Authority,Major Ports,efficiency,Table: Turn Round Time (hours),33,Turn Round Time (hours),46.89,hours,,,,,,,,,,,
2023-24,2023-24,V.O. Chidambaranar Port Authority,Major Ports,efficiency,Table: Turn Round Time (hours),33,Turn Round Time (hours),51.46,hours,,,,,,,,,,,
2019-20,2023-24,Cochin Port Authority,Major Ports,efficiency,Table: Turn Round Time (hours),33,Turn Round Time (hours),34.8,hours,,,,,,,,,,,
2020-21,2023-24,Cochin Port Authority,Major Ports,efficiency,Table: Turn Round Time (hours),33,Turn Round Time (hours),35.76,hours,,,,,,,,,,,
2021-22,2023-24,Cochin Port Authority,Major Ports,efficiency,Table: Turn Round Time (hours),33,Turn Round Time (hours),45.87,hours,,,,,,,,,,,
2022-23,2023-24,Cochin Port Authority,Major Ports,efficiency,Table: Turn Round Time (hours),33,Turn Round Time (hours),39.45,hours,,,,,,,,,,,
2023-24,2023-24,Cochin Port Authority,Major Ports,efficiency,Table: Turn Round Time (hours),33,Turn Round Time (hours),33.4,hours,,,,,,,,,,,
2023-24,2023-24,Cochin Port Authority,Major Ports,efficiency,Table: Turn Round Time (hours),33,Turn Round Time (hours),45.6,hours,,,,,,,,,,,
2023-24,2023-24,Cochin Port Authority,Major Ports,efficiency,Table: Turn Round Time (hours),33,Turn Round Time (hours),47.52,hours,,,,,,,,,,,
2023-24,2023-24,Cochin Port Authority,Major Ports,efficiency,Table: Turn Round Time (hours),33,Turn Round Time (hours),47.99,hours,,,,,,,,,,,
2023-24,2023-24,Cochin Port Authority,Major Ports,efficiency,Table: Turn Round Time (hours),33,Turn Round Time (hours),44.9,hours,,,,,,,,,,,
2023-24,2023-24,Cochin Port Authority,Major Ports,efficiency,Table: Turn Round Time (hours),33,Turn Round Time (hours),40.87,hours,,,,,,,,,,,
2019-20,2023-24,New Mangalore Port Authority,Major Ports,efficiency,Table: Turn Round Time (hours),33,Turn Round Time (hours),45.6,hours,,,,,,,,,,,
2020-21,2023-24,New Mangalore Port Authority,Major Ports,efficiency,Table: Turn Round Time (hours),33,Turn Round Time (hours),47.52,hours,,,,,,,,,,,
2021-22,2023-24,New Mangalore Port Authority,Major Ports,efficiency,Table: Turn Round Time (hours),33,Turn Round Time (hours),47.99,hours,,,,,,,,,,,
2022-23,2023-24,New Mangalore Port Authority,Major Ports,efficiency,Table: Turn Round Time (hours),33,Turn Round Time (hours),44.9,hours,,,,,,,,,,,
2023-24,2023-24,New Mangalore Port Authority,Major Ports,efficiency,Table: Turn Round Time (hours),33,Turn Round Time (hours),40.87,hours,,,,,,,,,,,
2023-24,2023-24,New Mangalore Port Authority,Major Ports,efficiency,Table: Turn Round Time (hours),33,Turn Round Time (hours),55.92,hours,,,,,,,,,,,
2023-24,2023-24,New Mangalore Port Authority,Major Ports,efficiency,Table: Turn Round Time (hours),33,Turn Round Time (hours),57.84,hours,,,,,,,,,,,
2023-24,2023-24,New Mangalore Port Authority,Major Ports,efficiency,Table: Turn Round Time (hours),33,Turn Round Time (hours),63.94,hours,,,,,,,,,,,
2023-24,2023-24,New Mangalore Port Authority,Major Ports,efficiency,Table: Turn Round Time (hours),33,Turn Round Time (hours),54.59,hours,,,,,,,,,,,
2023-24,2023-24,New Mangalore Port Authority,Major Ports,efficiency,Table: Turn Round Time (hours),33,Turn Round Time (hours),57.78,hours,,,,,,,,,,,
2019-20,2023-24,JNPA,Major Ports,efficiency,Table: Turn Round Time (hours),33,Turn Round Time (hours),29.54,hours,,,,,,,,,,,
2020-21,2023-24,JNPA,Major Ports,efficiency,Table: Turn Round Time (hours),33,Turn Round Time (hours),28.56,hours,,,,,,,,,,,
2021-22,2023-24,JNPA,Major Ports,efficiency,Table: Turn Round Time (hours),33,Turn Round Time (hours),28.04,hours,,,,,,,,,,,
2022-23,2023-24,JNPA,Major Ports,efficiency,Table: Turn Round Time (hours),33,Turn Round Time (hours),28.27,hours,,,,,,,,,,,
2023-24,2023-24,JNPA,Major Ports,efficiency,Table: Turn Round Time (hours),33,Turn Round Time (hours),26.27,hours,,,,,,,,,,,
2023-24,2023-24,JNPA,Major Ports,efficiency,Table: Turn Round Time (hours),33,Turn Round Time (hours),40.8,hours,,,,,,,,,,,
2023-24,2023-24,JNPA,Major Ports,efficiency,Table: Turn Round Time (hours),33,Turn Round Time (hours),49.68,hours,,,,,,,,,,,
2023-24,2023-24,JNPA,Major Ports,efficiency,Table: Turn Round Time (hours),33,Turn Round Time (hours),57.99,hours,,,,,,,,,,,
2023-24,2023-24,JNPA,Major Ports,efficiency,Table: Turn Round Time (hours),33,Turn Round Time (hours),50.4,hours,,,,,,,,,,,
2023-24,2023-24,JNPA,Major Ports,efficiency,Table: Turn Round Time (hours),33,Turn Round Time (hours),46.9,hours,,,,,,,,,,,
2019-20,2023-24,Mumbai Port Authority,Major Ports,efficiency,Table: Turn Round Time (hours),33,Turn Round Time (hours),40.8,hours,,,,,,,,,,,
2020-21,2023-24,Mumbai Port Authority,Major Ports,efficiency,Table: Turn Round Time (hours),33,Turn Round Time (hours),49.68,hours,,,,,,,,,,,
2021-22,2023-24,Mumbai Port Authority,Major Ports,efficiency,Table: Turn Round Time (hours),33,Turn Round Time (hours),57.99,hours,,,,,,,,,,,
2022-23,2023-24,Mumbai Port Authority,Major Ports,efficiency,Table: Turn Round Time (hours),33,Turn Round Time (hours),50.4,hours,,,,,,,,,,,
2023-24,2023-24,Mumbai Port Authority,Major Ports,efficiency,Table: Turn Round Time (hours),33,Turn Round Time (hours),46.9,hours,,,,,,,,,,,
2023-24,2023-24,Mumbai Port Authority,Major Ports,efficiency,Table: Turn Round Time (hours),33,Turn Round Time (hours),60.99,hours,,,,,,,,,,,
2023-24,2023-24,Mumbai Port Authority,Major Ports,efficiency,Table: Turn Round Time (hours),33,Turn Round Time (hours),62.16,hours,,,,,,,,,,,
2023-24,2023-24,Mumbai Port Authority,Major Ports,efficiency,Table: Turn Round Time (hours),33,Turn Round Time (hours),59.99,hours,,,,,,,,,,,
2023-24,2023-24,Mumbai Port Authority,Major Ports,efficiency,Table: Turn Round Time (hours),33,Turn Round Time (hours),77.58,hours,,,,,,,,,,,
2023-24,2023-24,Mumbai Port Authority,Major Ports,efficiency,Table: Turn Round Time (hours),33,Turn Round Time (hours),98.36,hours,,,,,,,,,,,
2019-20,2023-24,Deendayal Port Authority,Major Ports,efficiency,Table: Turn Round Time (hours),33,Turn Round Time (hours),60.99,hours,,,,,,,,,,,
2020-21,2023-24,Deendayal Port Authority,Major Ports,efficiency,Table: Turn Round Time (hours),33,Turn Round Time (hours),62.16,hours,,,,,,,,,,,
2021-22,2023-24,Deendayal Port Authority,Major Ports,efficiency,Table: Turn Round Time (hours),33,Turn Round Time (hours),59.99,hours,,,,,,,,,,,
2022-23,2023-24,Deendayal Port Authority,Major Ports,efficiency,Table: Turn Round Time (hours),33,Turn Round Time (hours),77.58,hours,,,,,,,,,,,
2023-24,2023-24,Deendayal Port Authority,Major Ports,efficiency,Table: Turn Round Time (hours),33,Turn Round Time (hours),98.36,hours,,,,,,,,,,,
2023-24,2023-24,Deendayal Port Authority,Major Ports,efficiency,Table: Turn Round Time (hours),33,Turn Round Time (hours),50.88,hours,,,,,,,,,,,
2023-24,2023-24,Deendayal Port Authority,Major Ports,efficiency,Table: Turn Round Time (hours),33,Turn Round Time (hours),52.32,hours,,,,,,,,,,,
2023-24,2023-24,Deendayal Port Authority,Major Ports,efficiency,Table: Turn Round Time (hours),33,Turn Round Time (hours),53.34,hours,,,,,,,,,,,
2023-24,2023-24,Deendayal Port Authority,Major Ports,efficiency,Table: Turn Round Time (hours),33,Turn Round Time (hours),51.48,hours,,,,,,,,,,,
2023-24,2023-24,Deendayal Port Authority,Major Ports,efficiency,Table: Turn Round Time (hours),33,Turn Round Time (hours),52.82,hours,,,,,,,,,,,
2019-20,2024-25,All India,Non-Major Ports,macro,Port Sector at a Glance,10,Cargo Handled (Million Tonnes),212.0,Million Tonnes,,,,,,,,,,,
2020-21,2024-25,All India,Non-Major Ports,macro,Port Sector at a Glance,10,Cargo Handled (Million Tonnes),212.0,Million Tonnes,,,,,,,,,,,
2021-22,2024-25,All India,Non-Major Ports,macro,Port Sector at a Glance,10,Cargo Handled (Million Tonnes),217.0,Million Tonnes,,,,,,,,,,,
2022-23,2024-25,All India,Non-Major Ports,macro,Port Sector at a Glance,10,Cargo Handled (Million Tonnes),217.0,Million Tonnes,,,,,,,,,,,
2023-24,2024-25,All India,Non-Major Ports,macro,Port Sector at a Glance,10,Cargo Handled (Million Tonnes),217.0,Million Tonnes,,,,,,,,,,,
2024-25,2024-25,All India,Non-Major Ports,macro,Port Sector at a Glance,10,Cargo Handled (Million Tonnes),217.0,Million Tonnes,,,,,,,,,,,
2019-20,2024-25,All India,All Ports,macro,Port Sector at a Glance,10,Cargo Handled (Million Tonnes),224.0,Million Tonnes,,,,,,,,,,,
2020-21,2024-25,All India,All Ports,macro,Port Sector at a Glance,10,Cargo Handled (Million Tonnes),224.0,Million Tonnes,,,,,,,,,,,
2021-22,2024-25,All India,All Ports,macro,Port Sector at a Glance,10,Cargo Handled (Million Tonnes),229.0,Million Tonnes,,,,,,,,,,,
2022-23,2024-25,All India,All Ports,macro,Port Sector at a Glance,10,Cargo Handled (Million Tonnes),229.0,Million Tonnes,,,,,,,,,,,
2023-24,2024-25,All India,All Ports,macro,Port Sector at a Glance,10,Cargo Handled (Million Tonnes),229.0,Million Tonnes,,,,,,,,,,,
2024-25,2024-25,All India,All Ports,macro,Port Sector at a Glance,10,Cargo Handled (Million Tonnes),229.0,Million Tonnes,,,,,,,,,,,
2019-20,2024-25,All India,Non-Major Ports,macro,Port Sector at a Glance,10,Cargo Handled (Million Tonnes),615.05,Million Tonnes,,,,,,,,,,,
2020-21,2024-25,All India,Non-Major Ports,macro,Port Sector at a Glance,10,Cargo Handled (Million Tonnes),577.3,Million Tonnes,,,,,,,,,,,
2021-22,2024-25,All India,Non-Major Ports,macro,Port Sector at a Glance,10,Cargo Handled (Million Tonnes),603.75,Million Tonnes,,,,,,,,,,,
2022-23,2024-25,All India,Non-Major Ports,macro,Port Sector at a Glance,10,Cargo Handled (Million Tonnes),651.02,Million Tonnes,,,,,,,,,,,
2023-24,2024-25,All India,Non-Major Ports,macro,Port Sector at a Glance,10,Cargo Handled (Million Tonnes),723.59,Million Tonnes,,,,,,,,,,,
2024-25,2024-25,All India,Non-Major Ports,macro,Port Sector at a Glance,10,Cargo Handled (Million Tonnes),742.41,Million Tonnes,,,,,,,,,,,
2019-20,2024-25,All India,All Ports,macro,Port Sector at a Glance,10,Cargo Handled (Million Tonnes),1319.97,Million Tonnes,,,,,,,,,,,
2020-21,2024-25,All India,All Ports,macro,Port Sector at a Glance,10,Cargo Handled (Million Tonnes),1249.99,Million Tonnes,,,,,,,,,,,
2021-22,2024-25,All India,All Ports,macro,Port Sector at a Glance,10,Cargo Handled (Million Tonnes),1323.8,Million Tonnes,,,,,,,,,,,
2022-23,2024-25,All India,All Ports,macro,Port Sector at a Glance,10,Cargo Handled (Million Tonnes),1435.32,Million Tonnes,,,,,,,,,,,
2023-24,2024-25,All India,All Ports,macro,Port Sector at a Glance,10,Cargo Handled (Million Tonnes),1542.88,Million Tonnes,,,,,,,,,,,
2024-25,2024-25,All India,All Ports,macro,Port Sector at a Glance,10,Cargo Handled (Million Tonnes),1597.27,Million Tonnes,,,,,,,,,,,
2019-20,2024-25,All India,Major Ports,macro,Port Sector at a Glance,10,Container Traffic ('000 TEUs),0.0,'000 TEUs,,,,,,,,,,,
2020-21,2024-25,All India,Major Ports,macro,Port Sector at a Glance,10,Container Traffic ('000 TEUs),9892.0,'000 TEUs,,,,,,,,,,,
2021-22,2024-25,All India,Major Ports,macro,Port Sector at a Glance,10,Container Traffic ('000 TEUs),9610.0,'000 TEUs,,,,,,,,,,,
2022-23,2024-25,All India,Major Ports,macro,Port Sector at a Glance,10,Container Traffic ('000 TEUs),11225.0,'000 TEUs,,,,,,,,,,,
2023-24,2024-25,All India,Major Ports,macro,Port Sector at a Glance,10,Container Traffic ('000 TEUs),11425.0,'000 TEUs,,,,,,,,,,,
2024-25,2024-25,All India,Major Ports,macro,Port Sector at a Glance,10,Container Traffic ('000 TEUs),12311.0,'000 TEUs,,,,,,,,,,,
2024-25,2024-25,All India,Major Ports,macro,Port Sector at a Glance,10,Container Traffic ('000 TEUs),13594.0,'000 TEUs,,,,,,,,,,,
2019-20,2024-25,All India,Non-Major Ports,macro,Port Sector at a Glance,10,Cargo Handled (Million Tonnes),21005.0,Million Tonnes,,,,,,,,,,,
2020-21,2024-25,All India,Non-Major Ports,macro,Port Sector at a Glance,10,Cargo Handled (Million Tonnes),9812.0,Million Tonnes,,,,,,,,,,,
2021-22,2024-25,All India,Non-Major Ports,macro,Port Sector at a Glance,10,Cargo Handled (Million Tonnes),14951.0,Million Tonnes,,,,,,,,,,,
2022-23,2024-25,All India,Non-Major Ports,macro,Port Sector at a Glance,10,Cargo Handled (Million Tonnes),29551.0,Million Tonnes,,,,,,,,,,,
2023-24,2024-25,All India,Non-Major Ports,macro,Port Sector at a Glance,10,Cargo Handled (Million Tonnes),22541.0,Million Tonnes,,,,,,,,,,,
2024-25,2024-25,All India,Non-Major Ports,macro,Port Sector at a Glance,10,Cargo Handled (Million Tonnes),20588.0,Million Tonnes,,,,,,,,,,,
2019-20,2024-25,All India,All Ports,macro,Port Sector at a Glance,10,Cargo Handled (Million Tonnes),21715.0,Million Tonnes,,,,,,,,,,,
2020-21,2024-25,All India,All Ports,macro,Port Sector at a Glance,10,Cargo Handled (Million Tonnes),9856.0,Million Tonnes,,,,,,,,,,,
2021-22,2024-25,All India,All Ports,macro,Port Sector at a Glance,10,Cargo Handled (Million Tonnes),15186.0,Million Tonnes,,,,,,,,,,,
2022-23,2024-25,All India,All Ports,macro,Port Sector at a Glance,10,Cargo Handled (Million Tonnes),30072.0,Million Tonnes,,,,,,,,,,,
2023-24,2024-25,All India,All Ports,macro,Port Sector at a Glance,10,Cargo Handled (Million Tonnes),23165.0,Million Tonnes,,,,,,,,,,,
2024-25,2024-25,All India,All Ports,macro,Port Sector at a Glance,10,Cargo Handled (Million Tonnes),21174.0,Million Tonnes,,,,,,,,,,,
2019-20,2024-25,All India,Non-Major Ports,macro,Port Sector at a Glance,10,Cargo Handled (Million Tonnes),5.0,Million Tonnes,,,,,,,,,,,
2020-21,2024-25,All India,Non-Major Ports,macro,Port Sector at a Glance,10,Cargo Handled (Million Tonnes),10.0,Million Tonnes,,,,,,,,,,,
2021-22,2024-25,All India,Non-Major Ports,macro,Port Sector at a Glance,10,Cargo Handled (Million Tonnes),10.0,Million Tonnes,,,,,,,,,,,
2022-23,2024-25,All India,Non-Major Ports,macro,Port Sector at a Glance,10,Cargo Handled (Million Tonnes),15.0,Million Tonnes,,,,,,,,,,,
2023-24,2024-25,All India,Non-Major Ports,macro,Port Sector at a Glance,10,Cargo Handled (Million Tonnes),14.0,Million Tonnes,,,,,,,,,,,
2024-25,2024-25,All India,Non-Major Ports,macro,Port Sector at a Glance,10,Cargo Handled (Million Tonnes),12.0,Million Tonnes,,,,,,,,,,,
2019-20,2024-25,All India,All Ports,macro,Port Sector at a Glance,10,Cargo Handled (Million Tonnes),16249.0,Million Tonnes,,,,,,,,,,,
2020-21,2024-25,All India,All Ports,macro,Port Sector at a Glance,10,Cargo Handled (Million Tonnes),16851.0,Million Tonnes,,,,,,,,,,,
2021-22,2024-25,All India,All Ports,macro,Port Sector at a Glance,10,Cargo Handled (Million Tonnes),17671.0,Million Tonnes,,,,,,,,,,,
2022-23,2024-25,All India,All Ports,macro,Port Sector at a Glance,10,Cargo Handled (Million Tonnes),20718.0,Million Tonnes,,,,,,,,,,,
2023-24,2024-25,All India,All Ports,macro,Port Sector at a Glance,10,Cargo Handled (Million Tonnes),23454.0,Million Tonnes,,,,,,,,,,,
2024-25,2024-25,All India,All Ports,macro,Port Sector at a Glance,10,Cargo Handled (Million Tonnes),24855.0,Million Tonnes,,,,,,,,,,,
2019-20,2024-25,All India,All Ports,macro,Port Sector at a Glance,10,Cargo Handled (Million Tonnes),11838.0,Million Tonnes,,,,,,,,,,,
2020-21,2024-25,All India,All Ports,macro,Port Sector at a Glance,10,Cargo Handled (Million Tonnes),12299.0,Million Tonnes,,,,,,,,,,,
2021-22,2024-25,All India,All Ports,macro,Port Sector at a Glance,10,Cargo Handled (Million Tonnes),13722.0,Million Tonnes,,,,,,,,,,,
2022-23,2024-25,All India,All Ports,macro,Port Sector at a Glance,10,Cargo Handled (Million Tonnes),13669.0,Million Tonnes,,,,,,,,,,,
2023-24,2024-25,All India,All Ports,macro,Port Sector at a Glance,10,Cargo Handled (Million Tonnes),14485.0,Million Tonnes,,,,,,,,,,,
2024-25,2024-25,All India,All Ports,macro,Port Sector at a Glance,10,Cargo Handled (Million Tonnes),16065.0,Million Tonnes,,,,,,,,,,,
2023-24,2024-25,SMPA Kolkata DS,Major Ports,overseas_coastal,Port-wise Cargo at Major Ports (Table 7),25,,,Million Tonnes,2.63,0.2,2.06,,,,,,,,
2024-25,2024-25,SMPA Kolkata DS,Major Ports,overseas_coastal,Port-wise Cargo at Major Ports (Table 7),25,,,Million Tonnes,2.33,0.68,1.95,,,,,,,,
2023-24,2024-25,SMPA Haldia DC,Major Ports,overseas_coastal,Port-wise Cargo at Major Ports (Table 7),25,,,Million Tonnes,7.3,1.92,6.05,,,,,,,,
2024-25,2024-25,SMPA Haldia DC,Major Ports,overseas_coastal,Port-wise Cargo at Major Ports (Table 7),25,,,Million Tonnes,6.56,2.12,5.53,,,,,,,,
2023-24,2024-25,Paradip Port Authority,Major Ports,overseas_coastal,Port-wise Cargo at Major Ports (Table 7),25,,,Million Tonnes,62.88,18.21,81.09,,,,,,,,
2024-25,2024-25,Paradip Port Authority,Major Ports,overseas_coastal,Port-wise Cargo at Major Ports (Table 7),25,,,Million Tonnes,63.19,19.43,82.62,,,,,,,,
2023-24,2024-25,Vishakhapatnam Port Authority,Major Ports,overseas_coastal,Port-wise Cargo at Major Ports (Table 7),25,,,Million Tonnes,46.04,5.56,51.6,,,,,,,,
2024-25,2024-25,Vishakhapatnam Port Authority,Major Ports,overseas_coastal,Port-wise Cargo at Major Ports (Table 7),25,,,Million Tonnes,48.82,6.14,54.96,,,,,,,,
2023-24,2024-25,Chennai Port Authority,Major Ports,overseas_coastal,Port-wise Cargo at Major Ports (Table 7),25,,,Million Tonnes,27.71,17.57,45.28,,,,,,,,
2024-25,2024-25,Chennai Port Authority,Major Ports,overseas_coastal,Port-wise Cargo at Major Ports (Table 7),25,,,Million Tonnes,28.71,19.7,48.41,,,,,,,,
2023-24,2024-25,Kamarajar Port Limited,Major Ports,overseas_coastal,Port-wise Cargo at Major Ports (Table 7),25,,,Million Tonnes,28.8,12.61,41.4,,,,,,,,
2024-25,2024-25,Kamarajar Port Limited,Major Ports,overseas_coastal,Port-wise Cargo at Major Ports (Table 7),25,,,Million Tonnes,29.74,11.98,41.72,,,,,,,,
2023-24,2024-25,V.O. Chidambaranar Port Authority,Major Ports,overseas_coastal,Port-wise Cargo at Major Ports (Table 7),25,,,Million Tonnes,23.72,12.59,36.32,,,,,,,,
2024-25,2024-25,V.O. Chidambaranar Port Authority,Major Ports,overseas_coastal,Port-wise Cargo at Major Ports (Table 7),25,,,Million Tonnes,25.2,12.55,37.75,,,,,,,,
2023-24,2024-25,Cochin Port Authority,Major Ports,overseas_coastal,Port-wise Cargo at Major Ports (Table 7),25,,,Million Tonnes,34.79,10.92,45.71,,,,,,,,
2024-25,2024-25,Cochin Port Authority,Major Ports,overseas_coastal,Port-wise Cargo at Major Ports (Table 7),25,,,Million Tonnes,37.28,8.74,46.01,,,,,,,,
2023-24,2024-25,New Mangalore Port Authority,Major Ports,overseas_coastal,Port-wise Cargo at Major Ports (Table 7),25,,,Million Tonnes,16.73,3.9,20.63,,,,,,,,
2024-25,2024-25,New Mangalore Port Authority,Major Ports,overseas_coastal,Port-wise Cargo at Major Ports (Table 7),25,,,Million Tonnes,13.73,4.4,18.13,,,,,,,,
2023-24,2024-25,Mormugao Port Authority,Major Ports,overseas_coastal,Port-wise Cargo at Major Ports (Table 7),25,,,Million Tonnes,80.86,4.96,85.82,,,,,,,,
2024-25,2024-25,Mormugao Port Authority,Major Ports,overseas_coastal,Port-wise Cargo at Major Ports (Table 7),25,,,Million Tonnes,85.23,6.88,92.12,,,,,,,,
2023-24,2024-25,Mumbai Port Authority,Major Ports,overseas_coastal,Port-wise Cargo at Major Ports (Table 7),25,,,Million Tonnes,114.74,17.64,132.37,,,,,,,,
2024-25,2024-25,Mumbai Port Authority,Major Ports,overseas_coastal,Port-wise Cargo at Major Ports (Table 7),25,,,Million Tonnes,134.41,15.75,150.16,,,,,,,,
2023-24,2024-25,Deendayal Port Authority,Major Ports,overseas_coastal,Port-wise Cargo at Major Ports (Table 7),25,,,Million Tonnes,628.39,190.91,819.29,,,,,,,,
2024-25,2024-25,Deendayal Port Authority,Major Ports,overseas_coastal,Port-wise Cargo at Major Ports (Table 7),25,,,Million Tonnes,657.72,197.14,854.86,,,,,,,,
2015-16,2024-25,All Major Ports,Major Ports,commodity,Commodity-wise Cargo at Major Ports (Table 8),26,,,Million Tonnes,,,186.36,POL (Crude & Products),,,,,,,
2015-16,2024-25,All Major Ports,Major Ports,commodity,Commodity-wise Cargo at Major Ports (Table 8),26,,,Million Tonnes,,,8.49,Fertilizer Raw Material (Dry),,,,,,,
2015-16,2024-25,All Major Ports,Major Ports,commodity,Commodity-wise Cargo at Major Ports (Table 8),26,,,Million Tonnes,,,7.53,Fertilizer,,,,,,,
2015-16,2024-25,All Major Ports,Major Ports,commodity,Commodity-wise Cargo at Major Ports (Table 8),26,,,Million Tonnes,,,15.32,Iron Ore,,,,,,,
2015-16,2024-25,All Major Ports,Major Ports,commodity,Commodity-wise Cargo at Major Ports (Table 8),26,,,Million Tonnes,,,134.06,Coal,,,,,,,
2015-16,2024-25,All Major Ports,Major Ports,commodity,Commodity-wise Cargo at Major Ports (Table 8),26,,,Million Tonnes,,,2.37,Food-grain,,,,,,,
2015-16,2024-25,All Major Ports,Major Ports,commodity,Commodity-wise Cargo at Major Ports (Table 8),26,,,Million Tonnes,,,251.76,Others,,,,,,,
2015-16,2024-25,All Major Ports,Major Ports,commodity,Commodity-wise Cargo at Major Ports (Table 8),26,,,Million Tonnes,,,605.89,Total,,,,,,,
2016-17,2024-25,All Major Ports,Major Ports,commodity,Commodity-wise Cargo at Major Ports (Table 8),26,,,Million Tonnes,,,200.23,POL (Crude & Products),,,,,,,
2016-17,2024-25,All Major Ports,Major Ports,commodity,Commodity-wise Cargo at Major Ports (Table 8),26,,,Million Tonnes,,,7.04,Fertilizer Raw Material (Dry),,,,,,,
2016-17,2024-25,All Major Ports,Major Ports,commodity,Commodity-wise Cargo at Major Ports (Table 8),26,,,Million Tonnes,,,7.01,Fertilizer,,,,,,,
2016-17,2024-25,All Major Ports,Major Ports,commodity,Commodity-wise Cargo at Major Ports (Table 8),26,,,Million Tonnes,,,41.77,Iron Ore,,,,,,,
2016-17,2024-25,All Major Ports,Major Ports,commodity,Commodity-wise Cargo at Major Ports (Table 8),26,,,Million Tonnes,,,126.18,Coal,,,,,,,
2016-17,2024-25,All Major Ports,Major Ports,commodity,Commodity-wise Cargo at Major Ports (Table 8),26,,,Million Tonnes,,,6.5,Food-grain,,,,,,,
2016-17,2024-25,All Major Ports,Major Ports,commodity,Commodity-wise Cargo at Major Ports (Table 8),26,,,Million Tonnes,,,259.75,Others,,,,,,,
2016-17,2024-25,All Major Ports,Major Ports,commodity,Commodity-wise Cargo at Major Ports (Table 8),26,,,Million Tonnes,,,648.47,Total,,,,,,,
2017-18,2024-25,All Major Ports,Major Ports,commodity,Commodity-wise Cargo at Major Ports (Table 8),26,,,Million Tonnes,,,213.26,POL (Crude & Products),,,,,,,
2017-18,2024-25,All Major Ports,Major Ports,commodity,Commodity-wise Cargo at Major Ports (Table 8),26,,,Million Tonnes,,,7.52,Fertilizer Raw Material (Dry),,,,,,,
2017-18,2024-25,All Major Ports,Major Ports,commodity,Commodity-wise Cargo at Major Ports (Table 8),26,,,Million Tonnes,,,7.53,Fertilizer,,,,,,,
2017-18,2024-25,All Major Ports,Major Ports,commodity,Commodity-wise Cargo at Major Ports (Table 8),26,,,Million Tonnes,,,41.17,Iron Ore,,,,,,,
2017-18,2024-25,All Major Ports,Major Ports,commodity,Commodity-wise Cargo at Major Ports (Table 8),26,,,Million Tonnes,,,126.73,Coal,,,,,,,
2017-18,2024-25,All Major Ports,Major Ports,commodity,Commodity-wise Cargo at Major Ports (Table 8),26,,,Million Tonnes,,,2.4,Food-grain,,,,,,,
2017-18,2024-25,All Major Ports,Major Ports,commodity,Commodity-wise Cargo at Major Ports (Table 8),26,,,Million Tonnes,,,280.87,Others,,,,,,,
2017-18,2024-25,All Major Ports,Major Ports,commodity,Commodity-wise Cargo at Major Ports (Table 8),26,,,Million Tonnes,,,679.47,Total,,,,,,,
2018-19,2024-25,All Major Ports,Major Ports,commodity,Commodity-wise Cargo at Major Ports (Table 8),26,,,Million Tonnes,,,220.95,POL (Crude & Products),,,,,,,
2018-19,2024-25,All Major Ports,Major Ports,commodity,Commodity-wise Cargo at Major Ports (Table 8),26,,,Million Tonnes,,,8.43,Fertilizer Raw Material (Dry),,,,,,,
2018-19,2024-25,All Major Ports,Major Ports,commodity,Commodity-wise Cargo at Major Ports (Table 8),26,,,Million Tonnes,,,6.99,Fertilizer,,,,,,,
2018-19,2024-25,All Major Ports,Major Ports,commodity,Commodity-wise Cargo at Major Ports (Table 8),26,,,Million Tonnes,,,38.81,Iron Ore,,,,,,,
2018-19,2024-25,All Major Ports,Major Ports,commodity,Commodity-wise Cargo at Major Ports (Table 8),26,,,Million Tonnes,,,137.48,Coal,,,,,,,
2018-19,2024-25,All Major Ports,Major Ports,commodity,Commodity-wise Cargo at Major Ports (Table 8),26,,,Million Tonnes,,,0.8,Food-grain,,,,,,,
2018-19,2024-25,All Major Ports,Major Ports,commodity,Commodity-wise Cargo at Major Ports (Table 8),26,,,Million Tonnes,,,285.72,Others,,,,,,,
2018-19,2024-25,All Major Ports,Major Ports,commodity,Commodity-wise Cargo at Major Ports (Table 8),26,,,Million Tonnes,,,699.17,Total,,,,,,,
2019-20,2024-25,All Major Ports,Major Ports,commodity,Commodity-wise Cargo at Major Ports (Table 8),26,,,Million Tonnes,,,221.64,POL (Crude & Products),,,,,,,
2019-20,2024-25,All Major Ports,Major Ports,commodity,Commodity-wise Cargo at Major Ports (Table 8),26,,,Million Tonnes,,,9.53,Fertilizer Raw Material (Dry),,,,,,,
2019-20,2024-25,All Major Ports,Major Ports,commodity,Commodity-wise Cargo at Major Ports (Table 8),26,,,Million Tonnes,,,6.6,Fertilizer,,,,,,,
2019-20,2024-25,All Major Ports,Major Ports,commodity,Commodity-wise Cargo at Major Ports (Table 8),26,,,Million Tonnes,,,55.46,Iron Ore,,,,,,,
2019-20,2024-25,All Major Ports,Major Ports,commodity,Commodity-wise Cargo at Major Ports (Table 8),26,,,Million Tonnes,,,118.88,Coal,,,,,,,
2019-20,2024-25,All Major Ports,Major Ports,commodity,Commodity-wise Cargo at Major Ports (Table 8),26,,,Million Tonnes,,,0.4,Food-grain,,,,,,,
2019-20,2024-25,All Major Ports,Major Ports,commodity,Commodity-wise Cargo at Major Ports (Table 8),26,,,Million Tonnes,,,292.42,Others,,,,,,,
2019-20,2024-25,All Major Ports,Major Ports,commodity,Commodity-wise Cargo at Major Ports (Table 8),26,,,Million Tonnes,,,704.92,Total,,,,,,,
2020-21,2024-25,All Major Ports,Major Ports,commodity,Commodity-wise Cargo at Major Ports (Table 8),26,,,Million Tonnes,,,191.06,POL (Crude & Products),,,,,,,
2020-21,2024-25,All Major Ports,Major Ports,commodity,Commodity-wise Cargo at Major Ports (Table 8),26,,,Million Tonnes,,,10.38,Fertilizer Raw Material (Dry),,,,,,,
2020-21,2024-25,All Major Ports,Major Ports,commodity,Commodity-wise Cargo at Major Ports (Table 8),26,,,Million Tonnes,,,7.57,Fertilizer,,,,,,,
2020-21,2024-25,All Major Ports,Major Ports,commodity,Commodity-wise Cargo at Major Ports (Table 8),26,,,Million Tonnes,,,64.33,Iron Ore,,,,,,,
2020-21,2024-25,All Major Ports,Major Ports,commodity,Commodity-wise Cargo at Major Ports (Table 8),26,,,Million Tonnes,,,102.93,Coal,,,,,,,
2020-21,2024-25,All Major Ports,Major Ports,commodity,Commodity-wise Cargo at Major Ports (Table 8),26,,,Million Tonnes,,,1.56,Food-grain,,,,,,,
2020-21,2024-25,All Major Ports,Major Ports,commodity,Commodity-wise Cargo at Major Ports (Table 8),26,,,Million Tonnes,,,294.86,Others,,,,,,,
2020-21,2024-25,All Major Ports,Major Ports,commodity,Commodity-wise Cargo at Major Ports (Table 8),26,,,Million Tonnes,,,672.68,Total,,,,,,,
2021-22,2024-25,All Major Ports,Major Ports,commodity,Commodity-wise Cargo at Major Ports (Table 8),26,,,Million Tonnes,,,203.19,POL (Crude & Products),,,,,,,
2021-22,2024-25,All Major Ports,Major Ports,commodity,Commodity-wise Cargo at Major Ports (Table 8),26,,,Million Tonnes,,,7.49,Fertilizer Raw Material (Dry),,,,,,,
2021-22,2024-25,All Major Ports,Major Ports,commodity,Commodity-wise Cargo at Major Ports (Table 8),26,,,Million Tonnes,,,8.6,Fertilizer,,,,,,,
2021-22,2024-25,All Major Ports,Major Ports,commodity,Commodity-wise Cargo at Major Ports (Table 8),26,,,Million Tonnes,,,52.24,Iron Ore,,,,,,,
2021-22,2024-25,All Major Ports,Major Ports,commodity,Commodity-wise Cargo at Major Ports (Table 8),26,,,Million Tonnes,,,123.25,Coal,,,,,,,
2021-22,2024-25,All Major Ports,Major Ports,commodity,Commodity-wise Cargo at Major Ports (Table 8),26,,,Million Tonnes,,,7.03,Food-grain,,,,,,,
2021-22,2024-25,All Major Ports,Major Ports,commodity,Commodity-wise Cargo at Major Ports (Table 8),26,,,Million Tonnes,,,318.25,Others,,,,,,,
2021-22,2024-25,All Major Ports,Major Ports,commodity,Commodity-wise Cargo at Major Ports (Table 8),26,,,Million Tonnes,,,720.05,Total,,,,,,,
2022-23,2024-25,All Major Ports,Major Ports,commodity,Commodity-wise Cargo at Major Ports (Table 8),26,,,Million Tonnes,,,217.92,POL (Crude & Products),,,,,,,
2022-23,2024-25,All Major Ports,Major Ports,commodity,Commodity-wise Cargo at Major Ports (Table 8),26,,,Million Tonnes,,,7.89,Fertilizer Raw Material (Dry),,,,,,,
2022-23,2024-25,All Major Ports,Major Ports,commodity,Commodity-wise Cargo at Major Ports (Table 8),26,,,Million Tonnes,,,8.28,Fertilizer,,,,,,,
2022-23,2024-25,All Major Ports,Major Ports,commodity,Commodity-wise Cargo at Major Ports (Table 8),26,,,Million Tonnes,,,46.42,Iron Ore,,,,,,,
2022-23,2024-25,All Major Ports,Major Ports,commodity,Commodity-wise Cargo at Major Ports (Table 8),26,,,Million Tonnes,,,149.95,Coal,,,,,,,
2022-23,2024-25,All Major Ports,Major Ports,commodity,Commodity-wise Cargo at Major Ports (Table 8),26,,,Million Tonnes,,,6.96,Food-grain,,,,,,,
2022-23,2024-25,All Major Ports,Major Ports,commodity,Commodity-wise Cargo at Major Ports (Table 8),26,,,Million Tonnes,,,346.9,Others,,,,,,,
2022-23,2024-25,All Major Ports,Major Ports,commodity,Commodity-wise Cargo at Major Ports (Table 8),26,,,Million Tonnes,,,784.31,Total,,,,,,,
2023-24,2024-25,All Major Ports,Major Ports,commodity,Commodity-wise Cargo at Major Ports (Table 8),26,,,Million Tonnes,,,225.82,POL (Crude & Products),,,,,,,
2023-24,2024-25,All Major Ports,Major Ports,commodity,Commodity-wise Cargo at Major Ports (Table 8),26,,,Million Tonnes,,,8.27,Fertilizer Raw Material (Dry),,,,,,,
2023-24,2024-25,All Major Ports,Major Ports,commodity,Commodity-wise Cargo at Major Ports (Table 8),26,,,Million Tonnes,,,9.53,Fertilizer,,,,,,,
2023-24,2024-25,All Major Ports,Major Ports,commodity,Commodity-wise Cargo at Major Ports (Table 8),26,,,Million Tonnes,,,53.26,Iron Ore,,,,,,,
2023-24,2024-25,All Major Ports,Major Ports,commodity,Commodity-wise Cargo at Major Ports (Table 8),26,,,Million Tonnes,,,141.89,Coal,,,,,,,
2023-24,2024-25,All Major Ports,Major Ports,commodity,Commodity-wise Cargo at Major Ports (Table 8),26,,,Million Tonnes,,,1.52,Food-grain,,,,,,,
2023-24,2024-25,All Major Ports,Major Ports,commodity,Commodity-wise Cargo at Major Ports (Table 8),26,,,Million Tonnes,,,379.01,Others,,,,,,,
2023-24,2024-25,All Major Ports,Major Ports,commodity,Commodity-wise Cargo at Major Ports (Table 8),26,,,Million Tonnes,,,819.29,Total,,,,,,,
2024-25,2024-25,All Major Ports,Major Ports,commodity,Commodity-wise Cargo at Major Ports (Table 8),26,,,Million Tonnes,,,234.36,POL (Crude & Products),,,,,,,
2024-25,2024-25,All Major Ports,Major Ports,commodity,Commodity-wise Cargo at Major Ports (Table 8),26,,,Million Tonnes,,,10.03,Fertilizer Raw Material (Dry),,,,,,,
2024-25,2024-25,All Major Ports,Major Ports,commodity,Commodity-wise Cargo at Major Ports (Table 8),26,,,Million Tonnes,,,10.05,Fertilizer,,,,,,,
2024-25,2024-25,All Major Ports,Major Ports,commodity,Commodity-wise Cargo at Major Ports (Table 8),26,,,Million Tonnes,,,49.32,Iron Ore,,,,,,,
2024-25,2024-25,All Major Ports,Major Ports,commodity,Commodity-wise Cargo at Major Ports (Table 8),26,,,Million Tonnes,,,150.16,Coal,,,,,,,
2024-25,2024-25,All Major Ports,Major Ports,commodity,Commodity-wise Cargo at Major Ports (Table 8),26,,,Million Tonnes,,,5.71,Food-grain,,,,,,,
2024-25,2024-25,All Major Ports,Major Ports,commodity,Commodity-wise Cargo at Major Ports (Table 8),26,,,Million Tonnes,,,395.23,Others,,,,,,,
2024-25,2024-25,All Major Ports,Major Ports,commodity,Commodity-wise Cargo at Major Ports (Table 8),26,,,Million Tonnes,,,854.86,Total,,,,,,,
2023-24,2024-25,SMPA Kolkata DS,Major Ports,container,Container Traffic at Major Ports (Table 9),28,,,Million Tonnes / '000 TEUs,,,,,9.89,0.64,,,,,
2024-25,2024-25,SMPA Kolkata DS,Major Ports,container,Container Traffic at Major Ports (Table 9),28,,,Million Tonnes / '000 TEUs,,,,,9.91,0.62,,,,,
2023-24,2024-25,SMPA Haldia DC,Major Ports,container,Container Traffic at Major Ports (Table 9),28,,,Million Tonnes / '000 TEUs,,,,,2.06,0.11,,,,,
2024-25,2024-25,SMPA Haldia DC,Major Ports,container,Container Traffic at Major Ports (Table 9),28,,,Million Tonnes / '000 TEUs,,,,,3.21,0.18,,,,,
2023-24,2024-25,Paradip Port Authority,Major Ports,container,Container Traffic at Major Ports (Table 9),28,,,Million Tonnes / '000 TEUs,,,,,2.0,0.2,,,,,
2024-25,2024-25,Paradip Port Authority,Major Ports,container,Container Traffic at Major Ports (Table 9),28,,,Million Tonnes / '000 TEUs,,,,,0.01,0.55,,,,,
2023-24,2024-25,Vishakhapatnam Port Authority,Major Ports,container,Container Traffic at Major Ports (Table 9),28,,,Million Tonnes / '000 TEUs,,,,,3.0,11.08,,,,,
2024-25,2024-25,Vishakhapatnam Port Authority,Major Ports,container,Container Traffic at Major Ports (Table 9),28,,,Million Tonnes / '000 TEUs,,,,,0.67,9.94,,,,,
2023-24,2024-25,Kamarajar Port Limited,Major Ports,container,Container Traffic at Major Ports (Table 9),28,,,Million Tonnes / '000 TEUs,,,,,4.0,12.96,,,,,
2024-25,2024-25,Kamarajar Port Limited,Major Ports,container,Container Traffic at Major Ports (Table 9),28,,,Million Tonnes / '000 TEUs,,,,,0.67,13.15,,,,,
2023-24,2024-25,Chennai Port Authority,Major Ports,container,Container Traffic at Major Ports (Table 9),28,,,Million Tonnes / '000 TEUs,,,,,5.0,30.68,,,,,
2024-25,2024-25,Chennai Port Authority,Major Ports,container,Container Traffic at Major Ports (Table 9),28,,,Million Tonnes / '000 TEUs,,,,,1.59,35.09,,,,,
2023-24,2024-25,V.O. Chidambaranar Port Authority,Major Ports,container,Container Traffic at Major Ports (Table 9),28,,,Million Tonnes / '000 TEUs,,,,,6.0,14.94,,,,,
2024-25,2024-25,V.O. Chidambaranar Port Authority,Major Ports,container,Container Traffic at Major Ports (Table 9),28,,,Million Tonnes / '000 TEUs,,,,,0.75,15.9,,,,,
2023-24,2024-25,Cochin Port Authority,Major Ports,container,Container Traffic at Major Ports (Table 9),28,,,Million Tonnes / '000 TEUs,,,,,7.0,10.18,,,,,
2024-25,2024-25,Cochin Port Authority,Major Ports,container,Container Traffic at Major Ports (Table 9),28,,,Million Tonnes / '000 TEUs,,,,,0.75,11.27,,,,,
2023-24,2024-25,New Mangalore Port Authority,Major Ports,container,Container Traffic at Major Ports (Table 9),28,,,Million Tonnes / '000 TEUs,,,,,8.0,2.8,,,,,
2024-25,2024-25,New Mangalore Port Authority,Major Ports,container,Container Traffic at Major Ports (Table 9),28,,,Million Tonnes / '000 TEUs,,,,,0.2,2.45,,,,,
2023-24,2024-25,JNPA,Major Ports,container,Container Traffic at Major Ports (Table 9),28,,,Million Tonnes / '000 TEUs,,,,,10.0,78.13,,,,,
2024-25,2024-25,JNPA,Major Ports,container,Container Traffic at Major Ports (Table 9),28,,,Million Tonnes / '000 TEUs,,,,,6.43,83.97,,,,,
2023-24,2024-25,Mumbai Port Authority,Major Ports,container,Container Traffic at Major Ports (Table 9),28,,,Million Tonnes / '000 TEUs,,,,,11.0,0.16,,,,,
2024-25,2024-25,Mumbai Port Authority,Major Ports,container,Container Traffic at Major Ports (Table 9),28,,,Million Tonnes / '000 TEUs,,,,,0.01,0.01,,,,,
2023-24,2024-25,Deendayal Port Authority,Major Ports,container,Container Traffic at Major Ports (Table 9),28,,,Million Tonnes / '000 TEUs,,,,,12.0,8.5,,,,,
2024-25,2024-25,Deendayal Port Authority,Major Ports,container,Container Traffic at Major Ports (Table 9),28,,,Million Tonnes / '000 TEUs,,,,,0.47,8.09,,,,,
2024-25,2024-25,Paradip Port Authority,Major Ports,capacity,Port-wise Capacity Utilisation,30,,,Million Tonnes / %,,,,,,,289.75,150.41,51.91,,
2024-25,2024-25,Vishakhapatnam Port Authority,Major Ports,capacity,Port-wise Capacity Utilisation,30,,,Million Tonnes / %,,,,,,,97.0,48.41,49.9,,
2024-25,2024-25,Kamarajar Port Limited,Major Ports,capacity,Port-wise Capacity Utilisation,30,,,Million Tonnes / %,,,,,,,136.0,54.97,40.42,,
2024-25,2024-25,Chennai Port Authority,Major Ports,capacity,Port-wise Capacity Utilisation,30,,,Million Tonnes / %,,,,,,,136.0,54.97,40.42,,
2024-25,2024-25,V.O. Chidambaranar Port Authority,Major Ports,capacity,Port-wise Capacity Utilisation,30,,,Million Tonnes / %,,,,,,,123.46,41.72,33.8,,
2024-25,2024-25,Cochin Port Authority,Major Ports,capacity,Port-wise Capacity Utilisation,30,,,Million Tonnes / %,,,,,,,114.96,46.02,40.03,,
2024-25,2024-25,New Mangalore Port Authority,Major Ports,capacity,Port-wise Capacity Utilisation,30,,,Million Tonnes / %,,,,,,,114.96,46.02,40.03,,
2024-25,2024-25,Mormugao Port Authority,Major Ports,capacity,Port-wise Capacity Utilisation,30,,,Million Tonnes / %,,,,,,,63.4,18.13,28.59,,
2024-25,2024-25,JNPA,Major Ports,capacity,Port-wise Capacity Utilisation,30,,,Million Tonnes / %,,,,,,,145.87,92.12,63.15,,
2024-25,2024-25,Mumbai Port Authority,Major Ports,capacity,Port-wise Capacity Utilisation,30,,,Million Tonnes / %,,,,,,,86.5,68.63,79.34,,
2024-25,2024-25,Deendayal Port Authority,Major Ports,capacity,Port-wise Capacity Utilisation,30,,,Million Tonnes / %,,,,,,,295.77,150.16,50.77,,
2024-25,2024-25,Gujarat,State (Major+Non-Major),state_total,State-wise Cargo Traffic at Indian Ports,22,,,Million Tonnes,,,637.88,,,,,,,150.16,487.73
2024-25,2024-25,Maharashtra,State (Major+Non-Major),state_total,State-wise Cargo Traffic at Indian Ports,22,,,Million Tonnes,,,231.26,,,,,,,160.74,70.52
2024-25,2024-25,Goa,State (Major+Non-Major),state_total,State-wise Cargo Traffic at Indian Ports,22,,,Million Tonnes,,,18.16,,,,,,,18.13,0.03
2024-25,2024-25,Karnataka,State (Major+Non-Major),state_total,State-wise Cargo Traffic at Indian Ports,22,,,Million Tonnes,,,46.62,,,,,,,46.01,0.61
2024-25,2024-25,Kerala,State (Major+Non-Major),state_total,State-wise Cargo Traffic at Indian Ports,22,,,Million Tonnes,,,37.85,,,,,,,37.75,0.1
2024-25,2024-25,Tamil Nadu,State (Major+Non-Major),state_total,State-wise Cargo Traffic at Indian Ports,22,,,Million Tonnes,,,156.99,,,,,,,145.09,11.9
2024-25,2024-25,Andhra Pradesh,State (Major+Non-Major),state_total,State-wise Cargo Traffic at Indian Ports,22,,,Million Tonnes,,,186.94,,,,,,,82.62,104.32
2024-25,2024-25,Orissa,State (Major+Non-Major),state_total,State-wise Cargo Traffic at Indian Ports,22,,,Million Tonnes,,,202.48,,,,,,,150.41,52.08
2024-25,2024-25,West Bengal,State (Major+Non-Major),state_total,State-wise Cargo Traffic at Indian Ports,22,,,Million Tonnes,,,63.95,,,,,,,63.95,0.0
2024-25,2024-25,Others,State (Major+Non-Major),state_total,State-wise Cargo Traffic at Indian Ports,22,,,Million Tonnes,,,15.14,,,,,,,0.0,15.14
2024-25,2024-25,Gujarat,State (Major+Non-Major),state_total,State-wise Cargo Traffic at Indian Ports,22,,,Million Tonnes,,,,,,,,,,39.94,65.69
2024-25,2024-25,Gujarat,State (Major+Non-Major),state_total,State-wise Cargo Traffic at Indian Ports,22,,,Million Tonnes,,,7.01,,,,,,,14.05,9.5
2024-25,2024-25,Others,Non-Major Ports,commodity,Non-Major Ports: State+Commodity Traffic,152,,,Million Tonnes,,,0.0,Total,,,,,,,
2024-25,2024-25,Maharashtra,Non-Major Ports,commodity,Non-Major Ports: State+Commodity Traffic,157,,,Million Tonnes,,,1524.0,Total,,,,,,,
2024-25,2024-25,Goa,Non-Major Ports,commodity,Non-Major Ports: State+Commodity Traffic,157,,,Million Tonnes,,,31.0,Total,,,,,,,
2024-25,2024-25,Karnataka,Non-Major Ports,commodity,Non-Major Ports: State+Commodity Traffic,158,,,Million Tonnes,,,244.0,Total,,,,,,,
2024-25,2024-25,Kerala,Non-Major Ports,commodity,Non-Major Ports: State+Commodity Traffic,158,,,Million Tonnes,,,99.0,Total,,,,,,,
2024-25,2024-25,Tamil Nadu,Non-Major Ports,commodity,Non-Major Ports: State+Commodity Traffic,158,,,Million Tonnes,,,273.0,Total,,,,,,,
2024-25,2024-25,Odisha,Non-Major Ports,commodity,Non-Major Ports: State+Commodity Traffic,158,,,Million Tonnes,,,91.0,Total,,,,,,,
2024-25,2024-25,Gujarat,Non-Major Ports,commodity,Non-Major Ports: State+Commodity Traffic,159,,,Million Tonnes,,,326.0,Coal,,,,,,,
2024-25,2024-25,Gujarat,Non-Major Ports,commodity,Non-Major Ports: State+Commodity Traffic,159,,,Million Tonnes,,,0.0,Fertiliser,,,,,,,
2024-25,2024-25,Gujarat,Non-Major Ports,commodity,Non-Major Ports: State+Commodity Traffic,159,,,Million Tonnes,,,238.0,Iron Ore,,,,,,,
2024-25,2024-25,Others,Non-Major Ports,commodity,Non-Major Ports: State+Commodity Traffic,159,,,Million Tonnes,,,980.0,Others,,,,,,,
2024-25,2024-25,Maharashtra,Non-Major Ports,commodity,Non-Major Ports: State+Commodity Traffic,159,,,Million Tonnes,,,510.0,Iron Ore,,,,,,,
2024-25,2024-25,Maharashtra,Non-Major Ports,commodity,Non-Major Ports: State+Commodity Traffic,159,,,Million Tonnes,,,5.0,POL,,,,,,,
2024-25,2024-25,Maharashtra,Non-Major Ports,commodity,Non-Major Ports: State+Commodity Traffic,159,,,Million Tonnes,,,0.0,Coal,,,,,,,
2024-25,2024-25,Maharashtra,Non-Major Ports,commodity,Non-Major Ports: State+Commodity Traffic,159,,,Million Tonnes,,,0.0,Fertiliser,,,,,,,
2024-25,2024-25,Goa,Non-Major Ports,commodity,Non-Major Ports: State+Commodity Traffic,159,,,Million Tonnes,,,2.0,Iron Ore,,,,,,,
2024-25,2024-25,Goa,Non-Major Ports,commodity,Non-Major Ports: State+Commodity Traffic,159,,,Million Tonnes,,,2.0,Coal,,,,,,,
2024-25,2024-25,Tamil Nadu,Non-Major Ports,commodity,Non-Major Ports: State+Commodity Traffic,160,,,Million Tonnes,,,0.0,POL,,,,,,,
2024-25,2024-25,Tamil Nadu,Non-Major Ports,commodity,Non-Major Ports: State+Commodity Traffic,160,,,Million Tonnes,,,0.0,Fertiliser,,,,,,,
2024-25,2024-25,Kerala,Non-Major Ports,commodity,Non-Major Ports: State+Commodity Traffic,160,,,Million Tonnes,,,15.0,POL,,,,,,,
2024-25,2024-25,Others,Non-Major Ports,commodity,Non-Major Ports: State+Commodity Traffic,160,,,Million Tonnes,,,0.0,POL,,,,,,,
2024-25,2024-25,Others,Non-Major Ports,commodity,Non-Major Ports: State+Commodity Traffic,160,,,Million Tonnes,,,0.0,Coal,,,,,,,
2024-25,2024-25,Others,Non-Major Ports,commodity,Non-Major Ports: State+Commodity Traffic,160,,,Million Tonnes,,,0.0,Fertiliser,,,,,,,
2024-25,2024-25,Others,Non-Major Ports,commodity,Non-Major Ports: State+Commodity Traffic,160,,,Million Tonnes,,,775.0,Iron Ore,,,,,,,
2024-25,2024-25,Andhra Pradesh,Non-Major Ports,commodity,Non-Major Ports: State+Commodity Traffic,160,,,Million Tonnes,,,1262.0,POL,,,,,,,
2024-25,2024-25,Andhra Pradesh,Non-Major Ports,commodity,Non-Major Ports: State+Commodity Traffic,160,,,Million Tonnes,,,0.0,Coal,,,,,,,
2024-25,2024-25,Andhra Pradesh,Non-Major Ports,commodity,Non-Major Ports: State+Commodity Traffic,160,,,Million Tonnes,,,1070.0,Iron Ore,,,,,,,
2024-25,2024-25,Karnataka,Non-Major Ports,commodity,Non-Major Ports: State+Commodity Traffic,161,,,Million Tonnes,,,0.0,Fertiliser,,,,,,,
2024-25,2024-25,Karnataka,Non-Major Ports,commodity,Non-Major Ports: State+Commodity Traffic,161,,,Million Tonnes,,,70.0,POL,,,,,,,
2024-25,2024-25,Odisha,Non-Major Ports,commodity,Non-Major Ports: State+Commodity Traffic,161,,,Million Tonnes,,,0.0,Fertiliser,,,,,,,
2024-25,2024-25,Odisha,Non-Major Ports,commodity,Non-Major Ports: State+Commodity Traffic,161,,,Million Tonnes,,,0.0,Iron Ore,,,,,,,
2024-25,2024-25,Odisha,Non-Major Ports,commodity,Non-Major Ports: State+Commodity Traffic,161,,,Million Tonnes,,,0.0,Coal,,,,,,,
2024-25,2024-25,Others,Non-Major Ports,commodity,Non-Major Ports: State+Commodity Traffic,162,,,Million Tonnes,,,179.0,Fertilizer,,,,,,,
2024-25,2024-25,Karnataka,Non-Major Ports,commodity,Non-Major Ports: State+Commodity Traffic,163,,,Million Tonnes,,,0.0,Fertilizer,,,,,,,
2024-25,2024-25,Andhra Pradesh,Non-Major Ports,commodity,Non-Major Ports: State+Commodity Traffic,164,,,Million Tonnes,,,0.0,Fertiliser,,,,,,,
2024-25,2024-25,Odisha,Non-Major Ports,commodity,Non-Major Ports: State+Commodity Traffic,169,,,Million Tonnes,,,72.0,POL,,,,,,,
2024-25,2024-25,West Bengal,Non-Major Ports,commodity,Non-Major Ports: State+Commodity Traffic,176,,,Million Tonnes,,,1862.0,Total,,,,,,,
2020-21,2024-25,SMPA Kolkata DS,Major Ports,efficiency,Table: Pre-Berthing Detention (hours),31,Pre-Berthing Detention (hours),12.24,hours,,,,,,,,,,,
2021-22,2024-25,SMPA Kolkata DS,Major Ports,efficiency,Table: Pre-Berthing Detention (hours),31,Pre-Berthing Detention (hours),14.75,hours,,,,,,,,,,,
2022-23,2024-25,SMPA Kolkata DS,Major Ports,efficiency,Table: Pre-Berthing Detention (hours),31,Pre-Berthing Detention (hours),11.05,hours,,,,,,,,,,,
2023-24,2024-25,SMPA Kolkata DS,Major Ports,efficiency,Table: Pre-Berthing Detention (hours),31,Pre-Berthing Detention (hours),19.21,hours,,,,,,,,,,,
2024-25,2024-25,SMPA Kolkata DS,Major Ports,efficiency,Table: Pre-Berthing Detention (hours),31,Pre-Berthing Detention (hours),9.71,hours,,,,,,,,,,,
2024-25,2024-25,SMPA Kolkata DS,Major Ports,efficiency,Table: Pre-Berthing Detention (hours),31,Pre-Berthing Detention (hours),65.04,hours,,,,,,,,,,,
2024-25,2024-25,SMPA Kolkata DS,Major Ports,efficiency,Table: Pre-Berthing Detention (hours),31,Pre-Berthing Detention (hours),31.1,hours,,,,,,,,,,,
2024-25,2024-25,SMPA Kolkata DS,Major Ports,efficiency,Table: Pre-Berthing Detention (hours),31,Pre-Berthing Detention (hours),27.45,hours,,,,,,,,,,,
2024-25,2024-25,SMPA Kolkata DS,Major Ports,efficiency,Table: Pre-Berthing Detention (hours),31,Pre-Berthing Detention (hours),1.15,hours,,,,,,,,,,,
2024-25,2024-25,SMPA Kolkata DS,Major Ports,efficiency,Table: Pre-Berthing Detention (hours),31,Pre-Berthing Detention (hours),0.29,hours,,,,,,,,,,,
2020-21,2024-25,SMPA Haldia DC,Major Ports,efficiency,Table: Pre-Berthing Detention (hours),31,Pre-Berthing Detention (hours),65.04,hours,,,,,,,,,,,
2021-22,2024-25,SMPA Haldia DC,Major Ports,efficiency,Table: Pre-Berthing Detention (hours),31,Pre-Berthing Detention (hours),31.1,hours,,,,,,,,,,,
2022-23,2024-25,SMPA Haldia DC,Major Ports,efficiency,Table: Pre-Berthing Detention (hours),31,Pre-Berthing Detention (hours),27.45,hours,,,,,,,,,,,
2023-24,2024-25,SMPA Haldia DC,Major Ports,efficiency,Table: Pre-Berthing Detention (hours),31,Pre-Berthing Detention (hours),1.15,hours,,,,,,,,,,,
2024-25,2024-25,SMPA Haldia DC,Major Ports,efficiency,Table: Pre-Berthing Detention (hours),31,Pre-Berthing Detention (hours),0.29,hours,,,,,,,,,,,
2024-25,2024-25,SMPA Haldia DC,Major Ports,efficiency,Table: Pre-Berthing Detention (hours),31,Pre-Berthing Detention (hours),6.24,hours,,,,,,,,,,,
2024-25,2024-25,SMPA Haldia DC,Major Ports,efficiency,Table: Pre-Berthing Detention (hours),31,Pre-Berthing Detention (hours),2.44,hours,,,,,,,,,,,
2024-25,2024-25,SMPA Haldia DC,Major Ports,efficiency,Table: Pre-Berthing Detention (hours),31,Pre-Berthing Detention (hours),1.68,hours,,,,,,,,,,,
2024-25,2024-25,SMPA Haldia DC,Major Ports,efficiency,Table: Pre-Berthing Detention (hours),31,Pre-Berthing Detention (hours),1.22,hours,,,,,,,,,,,
2024-25,2024-25,SMPA Haldia DC,Major Ports,efficiency,Table: Pre-Berthing Detention (hours),31,Pre-Berthing Detention (hours),39.88,hours,,,,,,,,,,,
2020-21,2024-25,Paradip Port Authority,Major Ports,efficiency,Table: Pre-Berthing Detention (hours),31,Pre-Berthing Detention (hours),6.24,hours,,,,,,,,,,,
2021-22,2024-25,Paradip Port Authority,Major Ports,efficiency,Table: Pre-Berthing Detention (hours),31,Pre-Berthing Detention (hours),2.44,hours,,,,,,,,,,,
2022-23,2024-25,Paradip Port Authority,Major Ports,efficiency,Table: Pre-Berthing Detention (hours),31,Pre-Berthing Detention (hours),1.68,hours,,,,,,,,,,,
2023-24,2024-25,Paradip Port Authority,Major Ports,efficiency,Table: Pre-Berthing Detention (hours),31,Pre-Berthing Detention (hours),1.22,hours,,,,,,,,,,,
2024-25,2024-25,Paradip Port Authority,Major Ports,efficiency,Table: Pre-Berthing Detention (hours),31,Pre-Berthing Detention (hours),39.88,hours,,,,,,,,,,,
2024-25,2024-25,Paradip Port Authority,Major Ports,efficiency,Table: Pre-Berthing Detention (hours),31,Pre-Berthing Detention (hours),1.2,hours,,,,,,,,,,,
2024-25,2024-25,Paradip Port Authority,Major Ports,efficiency,Table: Pre-Berthing Detention (hours),31,Pre-Berthing Detention (hours),0.9,hours,,,,,,,,,,,
2024-25,2024-25,Paradip Port Authority,Major Ports,efficiency,Table: Pre-Berthing Detention (hours),31,Pre-Berthing Detention (hours),1.78,hours,,,,,,,,,,,
2024-25,2024-25,Paradip Port Authority,Major Ports,efficiency,Table: Pre-Berthing Detention (hours),31,Pre-Berthing Detention (hours),0.63,hours,,,,,,,,,,,
2024-25,2024-25,Paradip Port Authority,Major Ports,efficiency,Table: Pre-Berthing Detention (hours),31,Pre-Berthing Detention (hours),0.92,hours,,,,,,,,,,,
2020-21,2024-25,Vishakhapatnam Port Authority,Major Ports,efficiency,Table: Pre-Berthing Detention (hours),31,Pre-Berthing Detention (hours),1.2,hours,,,,,,,,,,,
2021-22,2024-25,Vishakhapatnam Port Authority,Major Ports,efficiency,Table: Pre-Berthing Detention (hours),31,Pre-Berthing Detention (hours),0.9,hours,,,,,,,,,,,
2022-23,2024-25,Vishakhapatnam Port Authority,Major Ports,efficiency,Table: Pre-Berthing Detention (hours),31,Pre-Berthing Detention (hours),1.78,hours,,,,,,,,,,,
2023-24,2024-25,Vishakhapatnam Port Authority,Major Ports,efficiency,Table: Pre-Berthing Detention (hours),31,Pre-Berthing Detention (hours),0.63,hours,,,,,,,,,,,
2024-25,2024-25,Vishakhapatnam Port Authority,Major Ports,efficiency,Table: Pre-Berthing Detention (hours),31,Pre-Berthing Detention (hours),0.92,hours,,,,,,,,,,,
2024-25,2024-25,Vishakhapatnam Port Authority,Major Ports,efficiency,Table: Pre-Berthing Detention (hours),31,Pre-Berthing Detention (hours),1.92,hours,,,,,,,,,,,
2024-25,2024-25,Vishakhapatnam Port Authority,Major Ports,efficiency,Table: Pre-Berthing Detention (hours),31,Pre-Berthing Detention (hours),0.85,hours,,,,,,,,,,,
2024-25,2024-25,Vishakhapatnam Port Authority,Major Ports,efficiency,Table: Pre-Berthing Detention (hours),31,Pre-Berthing Detention (hours),1.06,hours,,,,,,,,,,,
2024-25,2024-25,Vishakhapatnam Port Authority,Major Ports,efficiency,Table: Pre-Berthing Detention (hours),31,Pre-Berthing Detention (hours),0.59,hours,,,,,,,,,,,
2024-25,2024-25,Vishakhapatnam Port Authority,Major Ports,efficiency,Table: Pre-Berthing Detention (hours),31,Pre-Berthing Detention (hours),1.67,hours,,,,,,,,,,,
2020-21,2024-25,Kamarajar Port Limited,Major Ports,efficiency,Table: Pre-Berthing Detention (hours),31,Pre-Berthing Detention (hours),1.92,hours,,,,,,,,,,,
2021-22,2024-25,Kamarajar Port Limited,Major Ports,efficiency,Table: Pre-Berthing Detention (hours),31,Pre-Berthing Detention (hours),0.85,hours,,,,,,,,,,,
2022-23,2024-25,Kamarajar Port Limited,Major Ports,efficiency,Table: Pre-Berthing Detention (hours),31,Pre-Berthing Detention (hours),1.06,hours,,,,,,,,,,,
2023-24,2024-25,Kamarajar Port Limited,Major Ports,efficiency,Table: Pre-Berthing Detention (hours),31,Pre-Berthing Detention (hours),0.59,hours,,,,,,,,,,,
2024-25,2024-25,Kamarajar Port Limited,Major Ports,efficiency,Table: Pre-Berthing Detention (hours),31,Pre-Berthing Detention (hours),1.67,hours,,,,,,,,,,,
2024-25,2024-25,Kamarajar Port Limited,Major Ports,efficiency,Table: Pre-Berthing Detention (hours),31,Pre-Berthing Detention (hours),0.0,hours,,,,,,,,,,,
2024-25,2024-25,Kamarajar Port Limited,Major Ports,efficiency,Table: Pre-Berthing Detention (hours),31,Pre-Berthing Detention (hours),0.07,hours,,,,,,,,,,,
2024-25,2024-25,Kamarajar Port Limited,Major Ports,efficiency,Table: Pre-Berthing Detention (hours),31,Pre-Berthing Detention (hours),0.33,hours,,,,,,,,,,,
2024-25,2024-25,Kamarajar Port Limited,Major Ports,efficiency,Table: Pre-Berthing Detention (hours),31,Pre-Berthing Detention (hours),16.59,hours,,,,,,,,,,,
2020-21,2024-25,Chennai Port Authority,Major Ports,efficiency,Table: Pre-Berthing Detention (hours),31,Pre-Berthing Detention (hours),0.0,hours,,,,,,,,,,,
2021-22,2024-25,Chennai Port Authority,Major Ports,efficiency,Table: Pre-Berthing Detention (hours),31,Pre-Berthing Detention (hours),0.07,hours,,,,,,,,,,,
2022-23,2024-25,Chennai Port Authority,Major Ports,efficiency,Table: Pre-Berthing Detention (hours),31,Pre-Berthing Detention (hours),0.0,hours,,,,,,,,,,,
2023-24,2024-25,Chennai Port Authority,Major Ports,efficiency,Table: Pre-Berthing Detention (hours),31,Pre-Berthing Detention (hours),0.33,hours,,,,,,,,,,,
2024-25,2024-25,Chennai Port Authority,Major Ports,efficiency,Table: Pre-Berthing Detention (hours),31,Pre-Berthing Detention (hours),16.59,hours,,,,,,,,,,,
2020-21,2024-25,V.O. Chidambaranar Port Authority,Major Ports,efficiency,Table: Pre-Berthing Detention (hours),31,Pre-Berthing Detention (hours),11.63,hours,,,,,,,,,,,
2021-22,2024-25,V.O. Chidambaranar Port Authority,Major Ports,efficiency,Table: Pre-Berthing Detention (hours),31,Pre-Berthing Detention (hours),30.52,hours,,,,,,,,,,,
2022-23,2024-25,V.O. Chidambaranar Port Authority,Major Ports,efficiency,Table: Pre-Berthing Detention (hours),31,Pre-Berthing Detention (hours),41.66,hours,,,,,,,,,,,
2023-24,2024-25,V.O. Chidambaranar Port Authority,Major Ports,efficiency,Table: Pre-Berthing Detention (hours),31,Pre-Berthing Detention (hours),33.88,hours,,,,,,,,,,,
2020-21,2024-25,Cochin Port Authority,Major Ports,efficiency,Table: Pre-Berthing Detention (hours),31,Pre-Berthing Detention (hours),15.36,hours,,,,,,,,,,,
2021-22,2024-25,Cochin Port Authority,Major Ports,efficiency,Table: Pre-Berthing Detention (hours),31,Pre-Berthing Detention (hours),11.23,hours,,,,,,,,,,,
2022-23,2024-25,Cochin Port Authority,Major Ports,efficiency,Table: Pre-Berthing Detention (hours),31,Pre-Berthing Detention (hours),6.04,hours,,,,,,,,,,,
2023-24,2024-25,Cochin Port Authority,Major Ports,efficiency,Table: Pre-Berthing Detention (hours),31,Pre-Berthing Detention (hours),6.73,hours,,,,,,,,,,,
2024-25,2024-25,Cochin Port Authority,Major Ports,efficiency,Table: Pre-Berthing Detention (hours),31,Pre-Berthing Detention (hours),8.85,hours,,,,,,,,,,,
2024-25,2024-25,Cochin Port Authority,Major Ports,efficiency,Table: Pre-Berthing Detention (hours),31,Pre-Berthing Detention (hours),26.16,hours,,,,,,,,,,,
2024-25,2024-25,Cochin Port Authority,Major Ports,efficiency,Table: Pre-Berthing Detention (hours),31,Pre-Berthing Detention (hours),28.54,hours,,,,,,,,,,,
2024-25,2024-25,Cochin Port Authority,Major Ports,efficiency,Table: Pre-Berthing Detention (hours),31,Pre-Berthing Detention (hours),31.63,hours,,,,,,,,,,,
2024-25,2024-25,Cochin Port Authority,Major Ports,efficiency,Table: Pre-Berthing Detention (hours),31,Pre-Berthing Detention (hours),19.8,hours,,,,,,,,,,,
2024-25,2024-25,Cochin Port Authority,Major Ports,efficiency,Table: Pre-Berthing Detention (hours),31,Pre-Berthing Detention (hours),19.5,hours,,,,,,,,,,,
2020-21,2024-25,New Mangalore Port Authority,Major Ports,efficiency,Table: Pre-Berthing Detention (hours),31,Pre-Berthing Detention (hours),26.16,hours,,,,,,,,,,,
2021-22,2024-25,New Mangalore Port Authority,Major Ports,efficiency,Table: Pre-Berthing Detention (hours),31,Pre-Berthing Detention (hours),28.54,hours,,,,,,,,,,,
2022-23,2024-25,New Mangalore Port Authority,Major Ports,efficiency,Table: Pre-Berthing Detention (hours),31,Pre-Berthing Detention (hours),31.63,hours,,,,,,,,,,,
2023-24,2024-25,New Mangalore Port Authority,Major Ports,efficiency,Table: Pre-Berthing Detention (hours),31,Pre-Berthing Detention (hours),19.8,hours,,,,,,,,,,,
2024-25,2024-25,New Mangalore Port Authority,Major Ports,efficiency,Table: Pre-Berthing Detention (hours),31,Pre-Berthing Detention (hours),19.5,hours,,,,,,,,,,,
2024-25,2024-25,New Mangalore Port Authority,Major Ports,efficiency,Table: Pre-Berthing Detention (hours),31,Pre-Berthing Detention (hours),30.24,hours,,,,,,,,,,,
2024-25,2024-25,New Mangalore Port Authority,Major Ports,efficiency,Table: Pre-Berthing Detention (hours),31,Pre-Berthing Detention (hours),18.85,hours,,,,,,,,,,,
2024-25,2024-25,New Mangalore Port Authority,Major Ports,efficiency,Table: Pre-Berthing Detention (hours),31,Pre-Berthing Detention (hours),16.15,hours,,,,,,,,,,,
2024-25,2024-25,New Mangalore Port Authority,Major Ports,efficiency,Table: Pre-Berthing Detention (hours),31,Pre-Berthing Detention (hours),22.91,hours,,,,,,,,,,,
2024-25,2024-25,New Mangalore Port Authority,Major Ports,efficiency,Table: Pre-Berthing Detention (hours),31,Pre-Berthing Detention (hours),29.78,hours,,,,,,,,,,,
2020-21,2024-25,Mormugao Port Authority,Major Ports,efficiency,Table: Pre-Berthing Detention (hours),31,Pre-Berthing Detention (hours),30.24,hours,,,,,,,,,,,
2021-22,2024-25,Mormugao Port Authority,Major Ports,efficiency,Table: Pre-Berthing Detention (hours),31,Pre-Berthing Detention (hours),18.85,hours,,,,,,,,,,,
2022-23,2024-25,Mormugao Port Authority,Major Ports,efficiency,Table: Pre-Berthing Detention (hours),31,Pre-Berthing Detention (hours),16.15,hours,,,,,,,,,,,
2023-24,2024-25,Mormugao Port Authority,Major Ports,efficiency,Table: Pre-Berthing Detention (hours),31,Pre-Berthing Detention (hours),22.91,hours,,,,,,,,,,,
2024-25,2024-25,Mormugao Port Authority,Major Ports,efficiency,Table: Pre-Berthing Detention (hours),31,Pre-Berthing Detention (hours),29.78,hours,,,,,,,,,,,
2020-21,2024-25,JNPA,Major Ports,efficiency,Table: Pre-Berthing Detention (hours),31,Pre-Berthing Detention (hours),21.84,hours,,,,,,,,,,,
2021-22,2024-25,JNPA,Major Ports,efficiency,Table: Pre-Berthing Detention (hours),31,Pre-Berthing Detention (hours),21.58,hours,,,,,,,,,,,
2022-23,2024-25,JNPA,Major Ports,efficiency,Table: Pre-Berthing Detention (hours),31,Pre-Berthing Detention (hours),36.3,hours,,,,,,,,,,,
2023-24,2024-25,JNPA,Major Ports,efficiency,Table: Pre-Berthing Detention (hours),31,Pre-Berthing Detention (hours),16.34,hours,,,,,,,,,,,
2024-25,2024-25,JNPA,Major Ports,efficiency,Table: Pre-Berthing Detention (hours),31,Pre-Berthing Detention (hours),17.46,hours,,,,,,,,,,,
2020-21,2024-25,Mumbai Port Authority,Major Ports,efficiency,Table: Pre-Berthing Detention (hours),31,Pre-Berthing Detention (hours),2.4,hours,,,,,,,,,,,
2021-22,2024-25,Mumbai Port Authority,Major Ports,efficiency,Table: Pre-Berthing Detention (hours),31,Pre-Berthing Detention (hours),0.95,hours,,,,,,,,,,,
2022-23,2024-25,Mumbai Port Authority,Major Ports,efficiency,Table: Pre-Berthing Detention (hours),31,Pre-Berthing Detention (hours),0.5,hours,,,,,,,,,,,
2023-24,2024-25,Mumbai Port Authority,Major Ports,efficiency,Table: Pre-Berthing Detention (hours),31,Pre-Berthing Detention (hours),0.0,hours,,,,,,,,,,,
2024-25,2024-25,Mumbai Port Authority,Major Ports,efficiency,Table: Pre-Berthing Detention (hours),31,Pre-Berthing Detention (hours),5.59,hours,,,,,,,,,,,
2024-25,2024-25,Mumbai Port Authority,Major Ports,efficiency,Table: Pre-Berthing Detention (hours),31,Pre-Berthing Detention (hours),67.44,hours,,,,,,,,,,,
2024-25,2024-25,Mumbai Port Authority,Major Ports,efficiency,Table: Pre-Berthing Detention (hours),31,Pre-Berthing Detention (hours),56.42,hours,,,,,,,,,,,
2024-25,2024-25,Mumbai Port Authority,Major Ports,efficiency,Table: Pre-Berthing Detention (hours),31,Pre-Berthing Detention (hours),54.11,hours,,,,,,,,,,,
2024-25,2024-25,Mumbai Port Authority,Major Ports,efficiency,Table: Pre-Berthing Detention (hours),31,Pre-Berthing Detention (hours),45.5,hours,,,,,,,,,,,
2024-25,2024-25,Mumbai Port Authority,Major Ports,efficiency,Table: Pre-Berthing Detention (hours),31,Pre-Berthing Detention (hours),68.78,hours,,,,,,,,,,,
2020-21,2024-25,Deendayal Port Authority,Major Ports,efficiency,Table: Pre-Berthing Detention (hours),31,Pre-Berthing Detention (hours),67.44,hours,,,,,,,,,,,
2021-22,2024-25,Deendayal Port Authority,Major Ports,efficiency,Table: Pre-Berthing Detention (hours),31,Pre-Berthing Detention (hours),56.42,hours,,,,,,,,,,,
2022-23,2024-25,Deendayal Port Authority,Major Ports,efficiency,Table: Pre-Berthing Detention (hours),31,Pre-Berthing Detention (hours),54.11,hours,,,,,,,,,,,
2023-24,2024-25,Deendayal Port Authority,Major Ports,efficiency,Table: Pre-Berthing Detention (hours),31,Pre-Berthing Detention (hours),45.5,hours,,,,,,,,,,,
2024-25,2024-25,Deendayal Port Authority,Major Ports,efficiency,Table: Pre-Berthing Detention (hours),31,Pre-Berthing Detention (hours),68.78,hours,,,,,,,,,,,
2024-25,2024-25,Deendayal Port Authority,Major Ports,efficiency,Table: Pre-Berthing Detention (hours),31,Pre-Berthing Detention (hours),24.96,hours,,,,,,,,,,,
2024-25,2024-25,Deendayal Port Authority,Major Ports,efficiency,Table: Pre-Berthing Detention (hours),31,Pre-Berthing Detention (hours),18.82,hours,,,,,,,,,,,
2024-25,2024-25,Deendayal Port Authority,Major Ports,efficiency,Table: Pre-Berthing Detention (hours),31,Pre-Berthing Detention (hours),19.29,hours,,,,,,,,,,,
2024-25,2024-25,Deendayal Port Authority,Major Ports,efficiency,Table: Pre-Berthing Detention (hours),31,Pre-Berthing Detention (hours),14.14,hours,,,,,,,,,,,
2024-25,2024-25,Deendayal Port Authority,Major Ports,efficiency,Table: Pre-Berthing Detention (hours),31,Pre-Berthing Detention (hours),23.55,hours,,,,,,,,,,,
2020-21,2024-25,JNPA,Major Ports,efficiency,Table: Pre-Berthing Detention (hours),32,Pre-Berthing Detention (hours),125.84,hours,,,,,,,,,,,
2020-21,2024-25,SMPA Kolkata DS,Major Ports,efficiency,Table: Turn Round Time (hours),33,Turn Round Time (hours),51.01,hours,,,,,,,,,,,
2021-22,2024-25,SMPA Kolkata DS,Major Ports,efficiency,Table: Turn Round Time (hours),33,Turn Round Time (hours),82.8,hours,,,,,,,,,,,
2022-23,2024-25,SMPA Kolkata DS,Major Ports,efficiency,Table: Turn Round Time (hours),33,Turn Round Time (hours),48.88,hours,,,,,,,,,,,
2023-24,2024-25,SMPA Kolkata DS,Major Ports,efficiency,Table: Turn Round Time (hours),33,Turn Round Time (hours),73.89,hours,,,,,,,,,,,
2024-25,2024-25,SMPA Kolkata DS,Major Ports,efficiency,Table: Turn Round Time (hours),33,Turn Round Time (hours),71.71,hours,,,,,,,,,,,
2024-25,2024-25,SMPA Kolkata DS,Major Ports,efficiency,Table: Turn Round Time (hours),33,Turn Round Time (hours),69.79,hours,,,,,,,,,,,
2024-25,2024-25,SMPA Kolkata DS,Major Ports,efficiency,Table: Turn Round Time (hours),33,Turn Round Time (hours),51.19,hours,,,,,,,,,,,
2024-25,2024-25,SMPA Kolkata DS,Major Ports,efficiency,Table: Turn Round Time (hours),33,Turn Round Time (hours),51.52,hours,,,,,,,,,,,
2024-25,2024-25,SMPA Kolkata DS,Major Ports,efficiency,Table: Turn Round Time (hours),33,Turn Round Time (hours),50.12,hours,,,,,,,,,,,
2024-25,2024-25,SMPA Kolkata DS,Major Ports,efficiency,Table: Turn Round Time (hours),33,Turn Round Time (hours),46.79,hours,,,,,,,,,,,
2020-21,2024-25,SMPA Haldia DC,Major Ports,efficiency,Table: Turn Round Time (hours),33,Turn Round Time (hours),69.79,hours,,,,,,,,,,,
2021-22,2024-25,SMPA Haldia DC,Major Ports,efficiency,Table: Turn Round Time (hours),33,Turn Round Time (hours),51.19,hours,,,,,,,,,,,
2022-23,2024-25,SMPA Haldia DC,Major Ports,efficiency,Table: Turn Round Time (hours),33,Turn Round Time (hours),51.52,hours,,,,,,,,,,,
2023-24,2024-25,SMPA Haldia DC,Major Ports,efficiency,Table: Turn Round Time (hours),33,Turn Round Time (hours),50.12,hours,,,,,,,,,,,
2024-25,2024-25,SMPA Haldia DC,Major Ports,efficiency,Table: Turn Round Time (hours),33,Turn Round Time (hours),46.79,hours,,,,,,,,,,,
2024-25,2024-25,SMPA Haldia DC,Major Ports,efficiency,Table: Turn Round Time (hours),33,Turn Round Time (hours),58.08,hours,,,,,,,,,,,
2024-25,2024-25,SMPA Haldia DC,Major Ports,efficiency,Table: Turn Round Time (hours),33,Turn Round Time (hours),53.16,hours,,,,,,,,,,,
2024-25,2024-25,SMPA Haldia DC,Major Ports,efficiency,Table: Turn Round Time (hours),33,Turn Round Time (hours),46.27,hours,,,,,,,,,,,
2024-25,2024-25,SMPA Haldia DC,Major Ports,efficiency,Table: Turn Round Time (hours),33,Turn Round Time (hours),41.24,hours,,,,,,,,,,,
2024-25,2024-25,SMPA Haldia DC,Major Ports,efficiency,Table: Turn Round Time (hours),33,Turn Round Time (hours),44.88,hours,,,,,,,,,,,
2020-21,2024-25,Paradip Port Authority,Major Ports,efficiency,Table: Turn Round Time (hours),33,Turn Round Time (hours),58.08,hours,,,,,,,,,,,
2021-22,2024-25,Paradip Port Authority,Major Ports,efficiency,Table: Turn Round Time (hours),33,Turn Round Time (hours),53.16,hours,,,,,,,,,,,
2022-23,2024-25,Paradip Port Authority,Major Ports,efficiency,Table: Turn Round Time (hours),33,Turn Round Time (hours),46.27,hours,,,,,,,,,,,
2023-24,2024-25,Paradip Port Authority,Major Ports,efficiency,Table: Turn Round Time (hours),33,Turn Round Time (hours),41.24,hours,,,,,,,,,,,
2024-25,2024-25,Paradip Port Authority,Major Ports,efficiency,Table: Turn Round Time (hours),33,Turn Round Time (hours),44.88,hours,,,,,,,,,,,
2020-21,2024-25,Vishakhapatnam Port Authority,Major Ports,efficiency,Table: Turn Round Time (hours),33,Turn Round Time (hours),66.0,hours,,,,,,,,,,,
2021-22,2024-25,Vishakhapatnam Port Authority,Major Ports,efficiency,Table: Turn Round Time (hours),33,Turn Round Time (hours),73.83,hours,,,,,,,,,,,
2022-23,2024-25,Vishakhapatnam Port Authority,Major Ports,efficiency,Table: Turn Round Time (hours),33,Turn Round Time (hours),73.19,hours,,,,,,,,,,,
2023-24,2024-25,Vishakhapatnam Port Authority,Major Ports,efficiency,Table: Turn Round Time (hours),33,Turn Round Time (hours),65.86,hours,,,,,,,,,,,
2024-25,2024-25,Vishakhapatnam Port Authority,Major Ports,efficiency,Table: Turn Round Time (hours),33,Turn Round Time (hours),69.19,hours,,,,,,,,,,,
2020-21,2024-25,Kamarajar Port Limited,Major Ports,efficiency,Table: Turn Round Time (hours),33,Turn Round Time (hours),42.96,hours,,,,,,,,,,,
2021-22,2024-25,Kamarajar Port Limited,Major Ports,efficiency,Table: Turn Round Time (hours),33,Turn Round Time (hours),46.38,hours,,,,,,,,,,,
2022-23,2024-25,Kamarajar Port Limited,Major Ports,efficiency,Table: Turn Round Time (hours),33,Turn Round Time (hours),45.26,hours,,,,,,,,,,,
2023-24,2024-25,Kamarajar Port Limited,Major Ports,efficiency,Table: Turn Round Time (hours),33,Turn Round Time (hours),43.36,hours,,,,,,,,,,,
2024-25,2024-25,Kamarajar Port Limited,Major Ports,efficiency,Table: Turn Round Time (hours),33,Turn Round Time (hours),46.66,hours,,,,,,,,,,,
2024-25,2024-25,Kamarajar Port Limited,Major Ports,efficiency,Table: Turn Round Time (hours),33,Turn Round Time (hours),51.36,hours,,,,,,,,,,,
2024-25,2024-25,Kamarajar Port Limited,Major Ports,efficiency,Table: Turn Round Time (hours),33,Turn Round Time (hours),53.19,hours,,,,,,,,,,,
2024-25,2024-25,Kamarajar Port Limited,Major Ports,efficiency,Table: Turn Round Time (hours),33,Turn Round Time (hours),48.08,hours,,,,,,,,,,,
2024-25,2024-25,Kamarajar Port Limited,Major Ports,efficiency,Table: Turn Round Time (hours),33,Turn Round Time (hours),44.92,hours,,,,,,,,,,,
2024-25,2024-25,Kamarajar Port Limited,Major Ports,efficiency,Table: Turn Round Time (hours),33,Turn Round Time (hours),48.73,hours,,,,,,,,,,,
2020-21,2024-25,Chennai Port Authority,Major Ports,efficiency,Table: Turn Round Time (hours),33,Turn Round Time (hours),51.36,hours,,,,,,,,,,,
2021-22,2024-25,Chennai Port Authority,Major Ports,efficiency,Table: Turn Round Time (hours),33,Turn Round Time (hours),53.19,hours,,,,,,,,,,,
2022-23,2024-25,Chennai Port Authority,Major Ports,efficiency,Table: Turn Round Time (hours),33,Turn Round Time (hours),48.08,hours,,,,,,,,,,,
2023-24,2024-25,Chennai Port Authority,Major Ports,efficiency,Table: Turn Round Time (hours),33,Turn Round Time (hours),44.92,hours,,,,,,,,,,,
2024-25,2024-25,Chennai Port Authority,Major Ports,efficiency,Table: Turn Round Time (hours),33,Turn Round Time (hours),48.73,hours,,,,,,,,,,,
2020-21,2024-25,V.O. Chidambaranar Port Authority,Major Ports,efficiency,Table: Turn Round Time (hours),33,Turn Round Time (hours),40.8,hours,,,,,,,,,,,
2021-22,2024-25,V.O. Chidambaranar Port Authority,Major Ports,efficiency,Table: Turn Round Time (hours),33,Turn Round Time (hours),48.54,hours,,,,,,,,,,,
2022-23,2024-25,V.O. Chidambaranar Port Authority,Major Ports,efficiency,Table: Turn Round Time (hours),33,Turn Round Time (hours),46.89,hours,,,,,,,,,,,
2023-24,2024-25,V.O. Chidambaranar Port Authority,Major Ports,efficiency,Table: Turn Round Time (hours),33,Turn Round Time (hours),51.46,hours,,,,,,,,,,,
2024-25,2024-25,V.O. Chidambaranar Port Authority,Major Ports,efficiency,Table: Turn Round Time (hours),33,Turn Round Time (hours),55.51,hours,,,,,,,,,,,
2020-21,2024-25,Cochin Port Authority,Major Ports,efficiency,Table: Turn Round Time (hours),33,Turn Round Time (hours),35.76,hours,,,,,,,,,,,
2021-22,2024-25,Cochin Port Authority,Major Ports,efficiency,Table: Turn Round Time (hours),33,Turn Round Time (hours),45.87,hours,,,,,,,,,,,
2022-23,2024-25,Cochin Port Authority,Major Ports,efficiency,Table: Turn Round Time (hours),33,Turn Round Time (hours),39.45,hours,,,,,,,,,,,
2023-24,2024-25,Cochin Port Authority,Major Ports,efficiency,Table: Turn Round Time (hours),33,Turn Round Time (hours),33.4,hours,,,,,,,,,,,
2024-25,2024-25,Cochin Port Authority,Major Ports,efficiency,Table: Turn Round Time (hours),33,Turn Round Time (hours),32.41,hours,,,,,,,,,,,
2024-25,2024-25,Cochin Port Authority,Major Ports,efficiency,Table: Turn Round Time (hours),33,Turn Round Time (hours),47.52,hours,,,,,,,,,,,
2024-25,2024-25,Cochin Port Authority,Major Ports,efficiency,Table: Turn Round Time (hours),33,Turn Round Time (hours),47.99,hours,,,,,,,,,,,
2024-25,2024-25,Cochin Port Authority,Major Ports,efficiency,Table: Turn Round Time (hours),33,Turn Round Time (hours),44.9,hours,,,,,,,,,,,
2024-25,2024-25,Cochin Port Authority,Major Ports,efficiency,Table: Turn Round Time (hours),33,Turn Round Time (hours),40.87,hours,,,,,,,,,,,
2024-25,2024-25,Cochin Port Authority,Major Ports,efficiency,Table: Turn Round Time (hours),33,Turn Round Time (hours),40.43,hours,,,,,,,,,,,
2020-21,2024-25,New Mangalore Port Authority,Major Ports,efficiency,Table: Turn Round Time (hours),33,Turn Round Time (hours),47.52,hours,,,,,,,,,,,
2021-22,2024-25,New Mangalore Port Authority,Major Ports,efficiency,Table: Turn Round Time (hours),33,Turn Round Time (hours),47.99,hours,,,,,,,,,,,
2022-23,2024-25,New Mangalore Port Authority,Major Ports,efficiency,Table: Turn Round Time (hours),33,Turn Round Time (hours),44.9,hours,,,,,,,,,,,
2023-24,2024-25,New Mangalore Port Authority,Major Ports,efficiency,Table: Turn Round Time (hours),33,Turn Round Time (hours),40.87,hours,,,,,,,,,,,
2024-25,2024-25,New Mangalore Port Authority,Major Ports,efficiency,Table: Turn Round Time (hours),33,Turn Round Time (hours),40.43,hours,,,,,,,,,,,
2024-25,2024-25,New Mangalore Port Authority,Major Ports,efficiency,Table: Turn Round Time (hours),33,Turn Round Time (hours),57.84,hours,,,,,,,,,,,
2024-25,2024-25,New Mangalore Port Authority,Major Ports,efficiency,Table: Turn Round Time (hours),33,Turn Round Time (hours),63.94,hours,,,,,,,,,,,
2024-25,2024-25,New Mangalore Port Authority,Major Ports,efficiency,Table: Turn Round Time (hours),33,Turn Round Time (hours),54.59,hours,,,,,,,,,,,
2024-25,2024-25,New Mangalore Port Authority,Major Ports,efficiency,Table: Turn Round Time (hours),33,Turn Round Time (hours),57.78,hours,,,,,,,,,,,
2024-25,2024-25,New Mangalore Port Authority,Major Ports,efficiency,Table: Turn Round Time (hours),33,Turn Round Time (hours),61.16,hours,,,,,,,,,,,
2020-21,2024-25,Mormugao Port Authority,Major Ports,efficiency,Table: Turn Round Time (hours),33,Turn Round Time (hours),57.84,hours,,,,,,,,,,,
2021-22,2024-25,Mormugao Port Authority,Major Ports,efficiency,Table: Turn Round Time (hours),33,Turn Round Time (hours),63.94,hours,,,,,,,,,,,
2022-23,2024-25,Mormugao Port Authority,Major Ports,efficiency,Table: Turn Round Time (hours),33,Turn Round Time (hours),54.59,hours,,,,,,,,,,,
2023-24,2024-25,Mormugao Port Authority,Major Ports,efficiency,Table: Turn Round Time (hours),33,Turn Round Time (hours),57.78,hours,,,,,,,,,,,
2024-25,2024-25,Mormugao Port Authority,Major Ports,efficiency,Table: Turn Round Time (hours),33,Turn Round Time (hours),61.16,hours,,,,,,,,,,,
2020-21,2024-25,JNPA,Major Ports,efficiency,Table: Turn Round Time (hours),33,Turn Round Time (hours),28.56,hours,,,,,,,,,,,
2021-22,2024-25,JNPA,Major Ports,efficiency,Table: Turn Round Time (hours),33,Turn Round Time (hours),28.04,hours,,,,,,,,,,,
2022-23,2024-25,JNPA,Major Ports,efficiency,Table: Turn Round Time (hours),33,Turn Round Time (hours),28.27,hours,,,,,,,,,,,
2023-24,2024-25,JNPA,Major Ports,efficiency,Table: Turn Round Time (hours),33,Turn Round Time (hours),26.27,hours,,,,,,,,,,,
2024-25,2024-25,JNPA,Major Ports,efficiency,Table: Turn Round Time (hours),33,Turn Round Time (hours),26.35,hours,,,,,,,,,,,
2020-21,2024-25,Mumbai Port Authority,Major Ports,efficiency,Table: Turn Round Time (hours),33,Turn Round Time (hours),49.68,hours,,,,,,,,,,,
2021-22,2024-25,Mumbai Port Authority,Major Ports,efficiency,Table: Turn Round Time (hours),33,Turn Round Time (hours),57.99,hours,,,,,,,,,,,
2022-23,2024-25,Mumbai Port Authority,Major Ports,efficiency,Table: Turn Round Time (hours),33,Turn Round Time (hours),50.4,hours,,,,,,,,,,,
2023-24,2024-25,Mumbai Port Authority,Major Ports,efficiency,Table: Turn Round Time (hours),33,Turn Round Time (hours),46.9,hours,,,,,,,,,,,
2024-25,2024-25,Mumbai Port Authority,Major Ports,efficiency,Table: Turn Round Time (hours),33,Turn Round Time (hours),49.47,hours,,,,,,,,,,,
2024-25,2024-25,Mumbai Port Authority,Major Ports,efficiency,Table: Turn Round Time (hours),33,Turn Round Time (hours),62.16,hours,,,,,,,,,,,
2024-25,2024-25,Mumbai Port Authority,Major Ports,efficiency,Table: Turn Round Time (hours),33,Turn Round Time (hours),59.99,hours,,,,,,,,,,,
2024-25,2024-25,Mumbai Port Authority,Major Ports,efficiency,Table: Turn Round Time (hours),33,Turn Round Time (hours),77.58,hours,,,,,,,,,,,
2024-25,2024-25,Mumbai Port Authority,Major Ports,efficiency,Table: Turn Round Time (hours),33,Turn Round Time (hours),98.36,hours,,,,,,,,,,,
2024-25,2024-25,Mumbai Port Authority,Major Ports,efficiency,Table: Turn Round Time (hours),33,Turn Round Time (hours),125.84,hours,,,,,,,,,,,
2020-21,2024-25,Deendayal Port Authority,Major Ports,efficiency,Table: Turn Round Time (hours),33,Turn Round Time (hours),62.16,hours,,,,,,,,,,,
2021-22,2024-25,Deendayal Port Authority,Major Ports,efficiency,Table: Turn Round Time (hours),33,Turn Round Time (hours),59.99,hours,,,,,,,,,,,
2022-23,2024-25,Deendayal Port Authority,Major Ports,efficiency,Table: Turn Round Time (hours),33,Turn Round Time (hours),77.58,hours,,,,,,,,,,,
2023-24,2024-25,Deendayal Port Authority,Major Ports,efficiency,Table: Turn Round Time (hours),33,Turn Round Time (hours),98.36,hours,,,,,,,,,,,
2024-25,2024-25,Deendayal Port Authority,Major Ports,efficiency,Table: Turn Round Time (hours),33,Turn Round Time (hours),125.84,hours,,,,,,,,,,,
2024-25,2024-25,Deendayal Port Authority,Major Ports,efficiency,Table: Turn Round Time (hours),33,Turn Round Time (hours),52.32,hours,,,,,,,,,,,
2024-25,2024-25,Deendayal Port Authority,Major Ports,efficiency,Table: Turn Round Time (hours),33,Turn Round Time (hours),53.34,hours,,,,,,,,,,,
2024-25,2024-25,Deendayal Port Authority,Major Ports,efficiency,Table: Turn Round Time (hours),33,Turn Round Time (hours),51.48,hours,,,,,,,,,,,
2024-25,2024-25,Deendayal Port Authority,Major Ports,efficiency,Table: Turn Round Time (hours),33,Turn Round Time (hours),52.82,hours,,,,,,,,,,,
2024-25,2024-25,Deendayal Port Authority,Major Ports,efficiency,Table: Turn Round Time (hours),33,Turn Round Time (hours),58.28,hours,,,,,,,,,,,
